Tweets Ago,Text,Media Sources,Date,Compound,Positive,Neutral,Negative
1,"New Trump adviser is ""not much of a carrot man"" https://t.co/Z53CxQc8cE | via @CNNopinion https://t.co/RRtck6hC7Z",@CNN,Mon Apr 09 01:00:13 +0000 2018,0.0,0.0,1.0,0.0
2,"""Fittest woman on earth"" wins gold medal after family tragedy https://t.co/tn9oLryfxc https://t.co/oQe1NTxvTS",@CNN,Mon Apr 09 00:50:07 +0000 2018,0.34,0.337,0.446,0.218
3,This 16-year-old from India won the 10-meter air pistol competition despite only picking up a pistol for the first‚Ä¶ https://t.co/kOCqrBlxW5,@CNN,Mon Apr 09 00:41:08 +0000 2018,0.5719,0.171,0.829,0.0
4,Sebastian Vettel wins Bahrain Grand Prix after mechanic hit by Ferrari car https://t.co/Qb23kgLrJs https://t.co/BPZQKJj82e,@CNN,Mon Apr 09 00:30:09 +0000 2018,0.7717,0.358,0.642,0.0
5,"Muenster van attack driver acted alone, police say https://t.co/P36RmkLlJf https://t.co/DLIIHURxvF",@CNN,Mon Apr 09 00:21:05 +0000 2018,-0.6249,0.0,0.611,0.389
6,"Seven US service members died in four noncombat-related air crashes in just four days, prompting concern over readi‚Ä¶ https://t.co/hilVAfsHUW",@CNN,Mon Apr 09 00:08:05 +0000 2018,-0.5574,0.0,0.833,0.167
7,Former Joint Chiefs chairman worries about generals in President Trump's White House https://t.co/v1RGxKgrRW https://t.co/dSptKGHJ06,@CNN,Mon Apr 09 00:00:04 +0000 2018,-0.4215,0.0,0.823,0.177
8,The countries with the two biggest economies are threatening huge tariffs against one another as the world waits an‚Ä¶ https://t.co/yHeTVzp95a,@CNN,Sun Apr 08 23:56:59 +0000 2018,-0.2732,0.097,0.759,0.143
9,"China has not wanted to 'talk in earnest,' top Trump economist says https://t.co/Qmb7XDtQfr https://t.co/v1ifOhkBln",@CNN,Sun Apr 08 23:43:06 +0000 2018,0.2023,0.122,0.878,0.0
10,"""A Quiet Place"" leads box office as horror keeps making noise https://t.co/LkY7pKca2u https://t.co/L68gDDrjUG",@CNN,Sun Apr 08 23:30:09 +0000 2018,-0.5719,0.0,0.764,0.236
11,"Republican Rep. Trey Gowdy, the House Oversight Committee chairman, accuses the Department of Justice of stonewalli‚Ä¶ https://t.co/NrZl20tF4g",@CNN,Sun Apr 08 23:00:15 +0000 2018,0.25,0.163,0.721,0.115
12,Patrick Reed has finished at 15-under-par 273 to win the Masters by one stroke over Rickie Fowler. It's his first m‚Ä¶ https://t.co/XzQ0HJRjXv,@CNN,Sun Apr 08 22:52:07 +0000 2018,0.5859,0.153,0.847,0.0
13,"""Fittest woman on earth"" wins gold medal after family tragedy https://t.co/ggWpSE11Tc https://t.co/vkochjbLHE",@CNN,Sun Apr 08 22:45:06 +0000 2018,0.34,0.337,0.446,0.218
14,"A year after the US attacked Syria, what's changed? https://t.co/KLxFWSs77Y https://t.co/u0Vxpoyq4n",@CNN,Sun Apr 08 22:30:15 +0000 2018,-0.4588,0.0,0.75,0.25
15,Inside the Houston House runoff that Democrats everywhere are watching https://t.co/MPyhLRhe4l https://t.co/OQQweUmA5V,@CNN,Sun Apr 08 22:15:05 +0000 2018,0.0,0.0,1.0,0.0
16,Dozens have died in a possible gas attack in Syria https://t.co/zWdPqd4SXa https://t.co/IuyQqaQQvg,@CNN,Sun Apr 08 22:00:10 +0000 2018,-0.7717,0.0,0.573,0.427
17,Body found in ocean near site of Hart family crash https://t.co/iMioXi2ikE https://t.co/0IBrFFI01v,@CNN,Sun Apr 08 21:45:04 +0000 2018,-0.4019,0.0,0.803,0.197
18,"""Scott is doing a great job!"" President Trump defends embattled Environmental Protection Agency administrator Scott‚Ä¶ https://t.co/AvNWuWPcmu",@CNN,Sun Apr 08 21:30:04 +0000 2018,0.6588,0.239,0.761,0.0
19,"White House chief of staff John Kelly's influence in the White House is diminishing, The Washington Post reports‚Ä¶ https://t.co/0mV0jbbeUT",@CNN,Sun Apr 08 21:15:07 +0000 2018,0.0,0.0,1.0,0.0
20,"Musician and National Rifle Association board member Ted Nugent likens Democrats, media, academics to ""rabid coyote‚Ä¶ https://t.co/Bjd7RA2vOj",@CNN,Sun Apr 08 21:00:07 +0000 2018,0.0,0.0,1.0,0.0
21,"Lightning strike kills 1, injures 4 in Florida https://t.co/EWeVc4RN27 https://t.co/oN64XlUtqB",@CNN,Sun Apr 08 20:45:06 +0000 2018,-0.6124,0.0,0.583,0.417
22,"Pilots had safety concerns months before NYC helicopter crash, lawyer says https://t.co/cdjCClnp82 https://t.co/3zyIYoHmMo",@CNN,Sun Apr 08 20:30:08 +0000 2018,0.0258,0.17,0.667,0.164
23,Polls open as Hungary's Euroskeptic leader Orban seeks fourth term https://t.co/4CL9j8UXkF https://t.co/M08G460BIC,@CNN,Sun Apr 08 20:15:04 +0000 2018,0.0,0.0,1.0,0.0
24,"""Saturday Night Live"" returns to take shots at President Trump and Fox News https://t.co/SjH2wwaAfK https://t.co/a7ubQUY5kP",@CNN,Sun Apr 08 20:00:18 +0000 2018,0.0,0.0,1.0,0.0
25,It's the great what if in political history. What if RFK‚Äôs political career had not been cut short by tragedy?‚Ä¶ https://t.co/oeKAwpn78t,@CNN,Sun Apr 08 19:45:18 +0000 2018,0.7108,0.237,0.763,0.0
26,Cambridge Analytica whistleblower says data could've come from more than 87 million users and be stored in Russia‚Ä¶ https://t.co/tKe0hZi5hH,@CNN,Sun Apr 08 19:30:06 +0000 2018,0.0,0.0,1.0,0.0
27,Hockey community grieves after 15 killed in bus crash involving Canadian junior hockey team https://t.co/m79DKnL27v https://t.co/bCJwCQMwsw,@CNN,Sun Apr 08 19:15:07 +0000 2018,-0.8834,0.0,0.558,0.442
28,Take a look at the week in politics https://t.co/gh3kvCmRB9 https://t.co/cq6Dbu1uLE,@CNN,Sun Apr 08 19:00:10 +0000 2018,0.0,0.0,1.0,0.0
29,JPMorgan Chase and other big banks take center stage https://t.co/lnX1KxEvA0 https://t.co/hF7c1W2ihF,@CNN,Sun Apr 08 18:45:03 +0000 2018,0.0,0.0,1.0,0.0
30,"""Black Panther"" passes ""Titanic"" at the box office https://t.co/8WgQH7sDJI https://t.co/xJA0PQLPe1",@CNN,Sun Apr 08 18:30:05 +0000 2018,0.0,0.0,1.0,0.0
31,Equestrian Edwina Tops-Alexander returns from maternity leave with win in Miami Beach https://t.co/BQMOqCAmSb https://t.co/MAYLPz2CKi,@CNN,Sun Apr 08 18:15:07 +0000 2018,0.5574,0.224,0.706,0.071
32,Democratic Sens. Bernie Sanders and Kamala Harris crossed the base. What will it cost them? https://t.co/JCUtpuoRJ5‚Ä¶ https://t.co/YQ6nurrcLd,@CNN,Sun Apr 08 18:00:15 +0000 2018,0.0,0.0,1.0,0.0
33,"Muenster van attack driver acted alone, police say https://t.co/Dixeqp0Lpb https://t.co/aEyRD34VPx",@CNN,Sun Apr 08 17:45:10 +0000 2018,-0.6249,0.0,0.611,0.389
34,"President Trump blames Russian President Vladimir Putin, former President Barack Obama for ""Animal Assad,"" warns of‚Ä¶ https://t.co/0w9dZwXcQK",@CNN,Sun Apr 08 17:30:07 +0000 2018,-0.4767,0.0,0.785,0.215
35,"Father confesses to killing 5-year-old son who had autism, authorities say https://t.co/w5R6G14JD6 https://t.co/0VCAHzrmig",@CNN,Sun Apr 08 17:15:10 +0000 2018,-0.6597,0.0,0.732,0.268
36,"President Trump slams Russian President Vladimir Putin and ""Animal Assad"" after suspected Syria chemical attack‚Ä¶ https://t.co/DrbKX7gz5t",@CNN,Sun Apr 08 17:00:14 +0000 2018,-0.2263,0.0,0.888,0.112
37,President Trump denies the influence of White House chief of staff John Kelly is diminished https://t.co/OH0GUq7pq7 https://t.co/ZuDJcbkuOO,@CNN,Sun Apr 08 16:45:07 +0000 2018,-0.4215,0.0,0.851,0.149
38,"Republican Sen. Susan Collins says embattled Environmental Protection Agency Administrator Scott Pruitt is ""the wro‚Ä¶ https://t.co/BopXBZjCxU",@CNN,Sun Apr 08 16:30:06 +0000 2018,0.0,0.0,1.0,0.0
39,"Trump's favorite tactic is criminalizing his critics, writes Julian Zelizer for @CNNOpinion https://t.co/JMmCSz9e60 https://t.co/C2004D24ML",@CNN,Sun Apr 08 16:15:08 +0000 2018,0.2023,0.174,0.698,0.128
40,"No, Sean Hannity, Jimmy Kimmel is not at all like Harvey Weinstein, writes Dean Obeidallah for @CNNOpinion‚Ä¶ https://t.co/nfQQeiP0Hy",@CNN,Sun Apr 08 16:00:09 +0000 2018,-0.5122,0.0,0.788,0.212
41,"President Trump's Department of Veterans Affairs pick says he's ""got what it takes"" to be secretary‚Ä¶ https://t.co/ytbObnpZm9",@CNN,Sun Apr 08 15:45:45 +0000 2018,0.0,0.0,1.0,0.0
42,Fiji wins Hong Kong Sevens for a record fourth time in a row https://t.co/dUKDw9DZwH https://t.co/KQwoe9o51e,@CNN,Sun Apr 08 15:37:03 +0000 2018,0.5719,0.236,0.764,0.0
43,"Sinclair allows critical ad to air, sandwiched between its defense https://t.co/ycNHghvdZE https://t.co/XZEWcSb5kf",@CNN,Sun Apr 08 15:30:09 +0000 2018,-0.2023,0.109,0.725,0.167
44,"When an Oklahoma teacher revealed what the chairs in her classroom look like, she didn't imagine it would drive peo‚Ä¶ https://t.co/ikq8yBNcWU",@CNN,Sun Apr 08 15:00:13 +0000 2018,0.3612,0.111,0.889,0.0
45,This is the first luxury hotel in space. You'll be able to visit in just four years ‚Äî if you have $9.5 million to s‚Ä¶ https://t.co/e1JO5SrGh4,@CNN,Sun Apr 08 14:30:13 +0000 2018,0.0,0.0,1.0,0.0
46,This Oklahoma student is excited that her textbook was used by country singer @BlakeShelton in the 1980s. Her mothe‚Ä¶ https://t.co/uH5ZescdFk,@CNN,Sun Apr 08 14:00:08 +0000 2018,0.34,0.112,0.888,0.0
47,"Sen. Susan Collins on EPA Administrator Scott Pruitt: ‚ÄúOn policy grounds alone, I think Scott Pruitt is the wrong p‚Ä¶ https://t.co/DuFfF6mrFq",@CNN,Sun Apr 08 13:45:09 +0000 2018,-0.6249,0.0,0.779,0.221
48,"He got cancer after decades of using talcum powder. Now a jury has awarded him $30 million in compensatory damages,‚Ä¶ https://t.co/7CWKt6RkKL",@CNN,Sun Apr 08 13:30:07 +0000 2018,-0.4019,0.108,0.717,0.175
49,Maine Sen. Susan Collins condemns apparent chemical weapons attack in Syria as ‚Äúabsolutely horrific‚Äù and asks Trump‚Ä¶ https://t.co/5iHjZTJf1C,@CNN,Sun Apr 08 13:28:29 +0000 2018,-0.8519,0.0,0.617,0.383
50,Kudlow explains Trump‚Äôs ‚Äúoriginal beef with Amazon‚Äù: ‚ÄúIt‚Äôs not so much badmouthing ‚Ä¶ it‚Äôs lets have a level playing‚Ä¶ https://t.co/WcCiRX71rw,@CNN,Sun Apr 08 13:26:23 +0000 2018,0.0,0.0,1.0,0.0
51,WH economic adviser to farmers on tariffs: ‚ÄúThis process may turn out to be very benign. You have to take certain r‚Ä¶ https://t.co/7O0BxqQlKo,@CNN,Sun Apr 08 13:18:41 +0000 2018,0.5709,0.183,0.817,0.0
52,"White House economic adviser Larry Kudlow: ‚ÄúThe problem here is China, it is not President Trump ‚Ä¶ I think Presiden‚Ä¶ https://t.co/5NpYOp9dl0",@CNN,Sun Apr 08 13:09:00 +0000 2018,-0.4019,0.0,0.87,0.13
53,Virgin Galactic is one step closer to bringing tourists to space after this test flight https://t.co/ZCjzj9H641 https://t.co/hqDyPJBYKz,@CNN,Sun Apr 08 13:00:01 +0000 2018,0.0,0.0,1.0,0.0
54,"Marijuana legalization could help offset the opioid epidemic, studies find https://t.co/f1jCFl3HGY https://t.co/90konlBWXC",@CNN,Sun Apr 08 12:30:05 +0000 2018,0.4019,0.197,0.803,0.0
55,New York police released a video of this man pointing a metal object as if he were brandishing a gun. He was later‚Ä¶ https://t.co/RdpOX0f7Bf,@CNN,Sun Apr 08 12:01:30 +0000 2018,-0.34,0.0,0.893,0.107
56,"As Michigan ends a free bottled water program in Flint claiming the water quality has been restored, some residents‚Ä¶ https://t.co/48752JJ6lI",@CNN,Sun Apr 08 11:30:16 +0000 2018,0.6908,0.251,0.749,0.0
57,"In 2014, a 23-year-old woman with cerebral palsy was allegedly gang-raped and thrown from a rooftop. 

A Human Righ‚Ä¶ https://t.co/nwXnAOx4li",@CNN,Sun Apr 08 11:00:10 +0000 2018,0.0,0.0,1.0,0.0
58,Artificial intelligence scientists from around the world called for a boycott of a South Korean university over con‚Ä¶ https://t.co/wP8NBtLTjL,@CNN,Sun Apr 08 10:30:08 +0000 2018,0.2023,0.152,0.735,0.113
59,"The mystery of a 4,000-year-old ancient Egyptian mummy's head has finally been solved, after the FBI successfully e‚Ä¶ https://t.co/qfBv16K5sy",@CNN,Sun Apr 08 10:00:17 +0000 2018,0.6486,0.249,0.751,0.0
60,"This police officer in Chattanooga, Tennessee, took a break from hiding Easter eggs at an event for the holiday to‚Ä¶ https://t.co/683SMmiCdD",@CNN,Sun Apr 08 09:30:22 +0000 2018,0.128,0.118,0.786,0.096
61,"If you stand inside the world's quietest room for long enough, you start to hear your heartbeat. Then you lose your‚Ä¶ https://t.co/cZgV29U4xN",@CNN,Sun Apr 08 09:00:19 +0000 2018,-0.4019,0.0,0.886,0.114
62,"This 17-year-old student got accepted into 19 top universities, including Yale, Stanford, Columbia and the London S‚Ä¶ https://t.co/gDxO5FWZY4",@CNN,Sun Apr 08 08:30:26 +0000 2018,0.4404,0.196,0.804,0.0
63,"An Illinois town has banned assault weapons. The penalty if you keep one? Up to $1,000 a day.‚Ä¶ https://t.co/VPuj79hbh0",@CNN,Sun Apr 08 08:00:06 +0000 2018,-0.9136,0.0,0.524,0.476
64,"The companies Trump has attacked on Twitter since his election:

ABC News
Amazon
Boeing
CBS
CNN
Comcast/MSNBC/NBC
D‚Ä¶ https://t.co/HDISsZZEuX",@CNN,Sun Apr 08 07:30:09 +0000 2018,-0.3182,0.078,0.783,0.138
65,A former city official in Georgia used the N-word while pushing for Confederate History Month at a city meeting‚Ä¶ https://t.co/YnchpYURJg,@CNN,Sun Apr 08 07:01:24 +0000 2018,0.0,0.0,1.0,0.0
66,"Nancy Pelosi, the top House Democrat, calls on EPA Administrator Scott Pruitt to resign https://t.co/V63jZLv5se https://t.co/RVYRvwKsyL",@CNN,Sun Apr 08 06:30:03 +0000 2018,-0.1531,0.099,0.769,0.132
67,Virgin Galactic is one step closer to bringing tourists to space after this test flight https://t.co/4b6rOLtWsS https://t.co/x1zoTTWtEh,@CNN,Sun Apr 08 06:00:00 +0000 2018,0.0,0.0,1.0,0.0
68,"Mexican President to Trump: ""Nothing and no one stands above the dignity of Mexico."" https://t.co/2C5VVONFAk https://t.co/EqIotPJCxq",@CNN,Sun Apr 08 05:30:04 +0000 2018,0.128,0.143,0.741,0.116
69,"President Trump has begun informally preparing for a possible interview with special counsel Robert Mueller, source‚Ä¶ https://t.co/aouH83OnCf",@CNN,Sun Apr 08 05:00:11 +0000 2018,0.4019,0.153,0.847,0.0
70,"Pilots had safety concerns months before NYC helicopter crash, lawyer says https://t.co/zm5dsd8kkG",@CNN,Sun Apr 08 04:45:56 +0000 2018,0.0258,0.181,0.645,0.174
71,This mom donated 14 gallons of breast milk to NICU babies in need https://t.co/HwjS6NbWpC https://t.co/znmKGN6Vip,@CNN,Sun Apr 08 04:30:04 +0000 2018,0.0,0.0,1.0,0.0
72,New York police released a video of this man pointing a metal object as if he were brandishing a gun. He was later‚Ä¶ https://t.co/gX9AgMmcvN,@CNN,Sun Apr 08 04:01:39 +0000 2018,-0.34,0.0,0.893,0.107
73,"Nancy Pelosi, the top House Democrat, calls on EPA Administrator Scott Pruitt to resign https://t.co/4bmqCRET97 https://t.co/YmBqxJZYsZ",@CNN,Sun Apr 08 03:30:12 +0000 2018,-0.1531,0.099,0.769,0.132
74,Shoe retailer Nine West files for bankruptcy after reporting it owes more than $1 billion https://t.co/D0YCZ9rjtD https://t.co/Uvkg4jybam,@CNN,Sun Apr 08 03:00:13 +0000 2018,0.0,0.0,1.0,0.0
75,A former city official in Georgia used the N-word while pushing for Confederate History Month at a city meeting‚Ä¶ https://t.co/CbYMeNh1qp,@CNN,Sun Apr 08 02:30:50 +0000 2018,0.0,0.0,1.0,0.0
76,Cuomo-Nixon fight could divide NY Dems beyond primary https://t.co/FJuiDy6vGf https://t.co/GXpUKUcQ4W,@CNN,Sun Apr 08 02:00:11 +0000 2018,-0.3818,0.0,0.776,0.224
77,"A woman was killed and four other people were injured by a lightning strike in White Springs, Florida, the sheriff'‚Ä¶ https://t.co/dzwyUnr63W",@CNN,Sun Apr 08 01:34:44 +0000 2018,-0.8271,0.0,0.648,0.352
78,Border Patrol has thousands of openings it can't fill https://t.co/lhQhOdM7Bj https://t.co/cRvKZ8LNkc,@CNN,Sun Apr 08 01:30:08 +0000 2018,0.0,0.0,1.0,0.0
79,Liberia's promising future is a symbol of international solidarity https://t.co/6Z4IlSeZH9 https://t.co/Mcvi60z9p1,@CNN,Sun Apr 08 01:00:09 +0000 2018,0.5994,0.38,0.62,0.0
80,Golfer Patrick Reed will take a three-shot lead into the final round of the Masters as a pair of eagles on the back‚Ä¶ https://t.co/3yvPKGeBMr,@CNN,Sun Apr 08 00:45:08 +0000 2018,0.0,0.0,1.0,0.0
81,Brazil's ex-President Lula da Silva to surrender to federal police https://t.co/RRnB5UVjXK https://t.co/xB5lFHHwuO,@CNN,Sun Apr 08 00:30:05 +0000 2018,0.0,0.0,1.0,0.0
82,"At least one person has died in the fire at Trump Tower in New York. Four firefighters were injured, officials say.‚Ä¶ https://t.co/MRnE1kYFT9",@CNN,Sun Apr 08 00:27:28 +0000 2018,-0.8271,0.0,0.686,0.314
83,"""These kids that had the blood of their 17 classmates splattered on their clothes ... were baptized into a real mov‚Ä¶ https://t.co/NkM8YIF8Ni",@CNN,Sun Apr 08 00:20:06 +0000 2018,0.0,0.0,1.0,0.0
84,The body of a female was found in the immediate vicinity of a crash in California that killed at least 5 members of‚Ä¶ https://t.co/HGuaeTUhWA,@CNN,Sun Apr 08 00:18:34 +0000 2018,-0.802,0.0,0.725,0.275
85,"‚ÄúWe talked about death all the time ‚Ä¶ he‚Äôd say, 'death is the ultimate democracy. Everybody has got to die'‚Äù: Civil‚Ä¶ https://t.co/x6RwelBh72",@CNN,Sun Apr 08 00:10:43 +0000 2018,-0.8316,0.0,0.709,0.291
86,Several Syrian activist groups say a toxic gas attack killed dozens of people in Ghouta. The Syrian regime says it'‚Ä¶ https://t.co/rsqaEjmnGL,@CNN,Sat Apr 07 23:49:29 +0000 2018,-0.8225,0.0,0.703,0.297
87,"'Black Panther' was ‚Äúalways‚Äù going to tackle ‚Äúpolitical issues head on,‚Äù says the film‚Äôs director, Ryan Coogler‚Ä¶ https://t.co/ey8JNVnON7",@CNN,Sat Apr 07 23:45:49 +0000 2018,0.0,0.0,1.0,0.0
88,"""Our democracy was hacked before Vladimir Putin ... it was hacked by big money,"" former Vice President Al Gore tell‚Ä¶ https://t.co/ikSaN8SnQe",@CNN,Sat Apr 07 23:40:05 +0000 2018,-0.6597,0.0,0.779,0.221
89,"Al Gore tells @VanJones68 that President Trump ""ought to fire"" Environmental Protection Agency administrator Scott‚Ä¶ https://t.co/0cAw6kPtD6",@CNN,Sat Apr 07 23:30:49 +0000 2018,-0.34,0.0,0.862,0.138
90,"RT @cnnbrk: 1 person was seriously injured in a four-alarm fire at Trump Tower, the New York City Fire Department says https://t.co/VbhJoIL‚Ä¶",@CNN,Sat Apr 07 23:30:34 +0000 2018,-0.802,0.0,0.635,0.365
91,"Roger Stone, a longtime associate of President Trump, claimed to know of WikiLeaks email release date, despite sayi‚Ä¶ https://t.co/SR0x1MnEAF",@CNN,Sat Apr 07 23:15:07 +0000 2018,0.0,0.0,1.0,0.0
92,"""I would bet on American democracy surviving this bleak period, for sure, but the challenge is stiffer than any we'‚Ä¶ https://t.co/ll50N03cIC",@CNN,Sat Apr 07 23:14:59 +0000 2018,0.4019,0.207,0.793,0.0
93,President Trump defends tariffs amid jittery markets https://t.co/lUIz1ErTrK https://t.co/HcjlVpNaUP,@CNN,Sat Apr 07 23:00:17 +0000 2018,0.0,0.0,1.0,0.0
94,"President Trump criticizes the FBI and Justice Department, asking what they ""have to hide"" https://t.co/epRv6UsJHF https://t.co/uidS6CVy2c",@CNN,Sat Apr 07 22:45:07 +0000 2018,0.0772,0.166,0.634,0.2
95,He faced an impossible decision. But were Pope Pius XII‚Äôs actions during WWII worthy of sainthood? #Pope tomorrow a‚Ä¶ https://t.co/BprHdexTGc,@CNN,Sat Apr 07 22:30:15 +0000 2018,0.4404,0.132,0.868,0.0
96,"With 16 service members killed in air crashes, top lawmaker says ""readiness of the military is at a crisis point""‚Ä¶ https://t.co/ujzu7leTHg",@CNN,Sat Apr 07 22:15:02 +0000 2018,-0.7783,0.134,0.563,0.303
97,"Democrats call for investigations into Interior Secretary Ryan Zinke, National Park Service https://t.co/YwUw7VbDbu https://t.co/UhFqSF7NMS",@CNN,Sat Apr 07 22:00:14 +0000 2018,0.0,0.0,1.0,0.0
98,New proposal wouldn't impact endangered species currently protected https://t.co/axiXqHcG5G https://t.co/aaG7SefcxN,@CNN,Sat Apr 07 21:45:09 +0000 2018,0.4404,0.244,0.756,0.0
99,VA dismisses privatization talk after leadership change https://t.co/DJglkb8ig8 https://t.co/S3ah2noKY8,@CNN,Sat Apr 07 21:30:16 +0000 2018,0.0,0.0,1.0,0.0
100,2 dead after delivery vehicle hits crowd in German city of Muenster https://t.co/8cjUNOM4dy https://t.co/KoUtKbldAK,@CNN,Sat Apr 07 21:15:06 +0000 2018,-0.6486,0.0,0.736,0.264
1,"üò∫üí¶ This is Maya the jaguar's very first swim!  
#BigCatsAboutTheHouse https://t.co/IacZP3ltf3",@BBC,Sun Apr 08 19:02:05 +0000 2018,0.0,0.0,1.0,0.0
2,üòÇ Need a hand getting the kids to bed? https://t.co/JAUkyoVSA8,@BBC,Sun Apr 08 18:03:03 +0000 2018,0.4939,0.314,0.686,0.0
3,"'Silencing masks' and 'wife auctions': What life used to be like for women. 
üëâ https://t.co/7Z1bcXKgOx https://t.co/gzm7Hf3loH",@BBC,Sun Apr 08 17:25:08 +0000 2018,0.25,0.147,0.765,0.088
4,"ü¶ñüòÇ Philomena Cunk examines the barbaric conditions in which we keep today's dinosaurs.
#CunkOnBritain  https://t.co/nBav5dqh7a",@BBC,Sun Apr 08 17:07:02 +0000 2018,0.0,0.0,1.0,0.0
5,"RT @bbcgetinspired: Meet Sue...

She is planning to run the 2018 @LondonMarathon to prove someone with vascular dementia can do it. üôå

‚û° ht‚Ä¶",@BBC,Sun Apr 08 16:40:55 +0000 2018,0.0,0.0,1.0,0.0
6,üé® Victoria Lomasko is a Russian graphic artist who's travelled up and down her country painting 'forgotten women'. https://t.co/XtlpBlAYb0,@BBC,Sun Apr 08 16:07:03 +0000 2018,-0.2263,0.0,0.894,0.106
7,"üé∂ The search for the next Young Musician has begun, and the first @BBCYoungMus semi-finalist of 2018 has been confi‚Ä¶ https://t.co/klUA4GWtb0",@BBC,Sun Apr 08 15:31:00 +0000 2018,0.0,0.0,1.0,0.0
8,"'If boys are getting diagnosed with autism, girls need exactly the same.' https://t.co/f7Aft0LWwB",@BBC,Sun Apr 08 15:11:04 +0000 2018,0.0,0.0,1.0,0.0
9,üíÉüï∫ Meet the kids cutting some serious shapes on the streets of Lagos. https://t.co/3ySZPqua01,@BBC,Sun Apr 08 13:54:07 +0000 2018,-0.2023,0.0,0.811,0.189
10,"RT @BBCSport: What a nice surprise üòçüíç

Two of @TeamEngland 's basketball players got engaged on court at the Commonwealths. 

Congrats @Jam‚Ä¶",@BBC,Sun Apr 08 13:23:39 +0000 2018,0.875,0.393,0.607,0.0
11,üòÇ 'Surprise me'. https://t.co/Jo7illTafh,@BBC,Sun Apr 08 13:03:04 +0000 2018,0.2732,0.512,0.488,0.0
12,"When doctors found a large tumour on little Poppy‚Äôs brain, her parents faced one of the toughest decisions of their‚Ä¶ https://t.co/MGM0dpxlFH",@BBC,Sun Apr 08 11:00:15 +0000 2018,-0.0772,0.0,0.936,0.064
13,"RT @BBCSport: Beauty queen ‚úÖ
Commonwealth Games weightlifting silver medallist ‚úÖ

Introducing Sarah Davies...

#GC2018 #bbcgoldcoast https:‚Ä¶",@BBC,Sun Apr 08 10:15:06 +0000 2018,0.5859,0.213,0.787,0.0
14,"From Ordeal by Innocence to the return of The Handmaid‚Äôs Tale, here are @BBC_Culture's pick of programmes to watch‚Ä¶ https://t.co/Q6S34uv5LX",@BBC,Sun Apr 08 10:01:07 +0000 2018,0.3818,0.12,0.88,0.0
15,"ü¶çüí¨ Not only can Koko the gorilla use sign language, she also appears to have learnt to lie...

https://t.co/xXZwlLDLJh",@BBC,Sun Apr 08 09:08:02 +0000 2018,0.0,0.0,1.0,0.0
16,RT @BBCOne: .@johnkrasinski's got MOVES. #TheGrahamNortonShow #TGNS https://t.co/2HUMM0ixEW,@BBC,Sun Apr 08 08:17:18 +0000 2018,0.0,0.0,1.0,0.0
17,"Football, volleyball AND martial arts? Ô∏è‚öΩÔ∏èü•ãü§î

Sepak Takraw is the best sport you've never heard of... 

https://t.co/ngTwJHEmrI",@BBC,Sun Apr 08 08:08:07 +0000 2018,0.6369,0.208,0.792,0.0
18,üê≥ Meet the gargantuan air freighter that looks like a whale. https://t.co/7DPUt8okKU,@BBC,Sun Apr 08 07:02:06 +0000 2018,0.3612,0.217,0.783,0.0
19,‚ù§Ô∏èüé∂ @NiallOfficial's Live Lounge cover of @JuliaMichaels' Issues is just perfect.  https://t.co/XpsnR29hPU,@BBC,Sat Apr 07 18:00:22 +0000 2018,0.5719,0.252,0.748,0.0
20,"RT @CBeebiesHQ: Goodnight @ChrisEvans,üåô 

Chris reads Goodnight Goodnight Construction site tonight. üèóÔ∏è 

#BedtimeStory is at 6:50pm üò¥üí§ htt‚Ä¶",@BBC,Sat Apr 07 17:19:26 +0000 2018,0.0,0.0,1.0,0.0
21,ü¶Åüò¢ Lions are often poisoned to prevent them attacking livestock. https://t.co/254nhtlMW5,@BBC,Sat Apr 07 17:04:03 +0000 2018,-0.7269,0.072,0.523,0.405
22,"üò≤ Some VERY impressive maths here. 
#UniversityChallenge https://t.co/crvQQ5V3Vn",@BBC,Sat Apr 07 16:00:23 +0000 2018,0.6515,0.419,0.581,0.0
23,Doctors are finding one way that sugar can benefit your health - it may help heal wounds resistant to antibiotics.‚Ä¶ https://t.co/zI9pN0zSVo,@BBC,Sat Apr 07 15:01:03 +0000 2018,0.6908,0.241,0.759,0.0
24,"RT @BBCRadio2: ""The clunk of putting the cassette in, snapping it shut... oh wait I'm going to rewind to get to the start of the song. It's‚Ä¶",@BBC,Sat Apr 07 14:33:46 +0000 2018,0.0,0.0,1.0,0.0
25,"üåéüì∏ Our pick of the most striking news photographs taken around the world recently.
üëâ https://t.co/zPpuZq9hOC https://t.co/fYUTrG44Ra",@BBC,Sat Apr 07 14:00:31 +0000 2018,0.0,0.0,1.0,0.0
26,How did this new mum survive in the chaos that followed Hurricane Maria? https://t.co/Nx7uFz1k56,@BBC,Sat Apr 07 13:00:20 +0000 2018,-0.5719,0.0,0.778,0.222
27,"For Dr Joel Salinas, music creates colours, numbers have personalities and another person's pain feels almost like‚Ä¶ https://t.co/lrGhiKBaGZ",@BBC,Sat Apr 07 12:07:08 +0000 2018,-0.296,0.098,0.748,0.154
28,"RT @bbcthree: 94-year-old Judo Jack says: ""Get off your butt and do something."" https://t.co/M9CzCtwSqe",@BBC,Sat Apr 07 11:19:19 +0000 2018,0.0,0.0,1.0,0.0
29,RT @BBCR1: It's been one whole year of Sign Of The Times and we need to know whether @Harry_Styles finally let Chris Martin be head of his‚Ä¶,@BBC,Sat Apr 07 11:00:57 +0000 2018,0.0,0.0,1.0,0.0
30,"What an inspiration! üí™ 

‚ù§Ô∏è Fraser shed the pounds to pursue his wrestling dream, in memory of his mother. https://t.co/LWmuGo6dTN",@BBC,Sat Apr 07 11:00:18 +0000 2018,0.69,0.251,0.749,0.0
31,"RT @BBCSport: It's a historic victory for Uganda! üôå 

Earlier today they recorded their first ever victory at the Commonwealth games with a‚Ä¶",@BBC,Sat Apr 07 10:26:52 +0000 2018,0.0,0.0,1.0,0.0
32,üçìüçí Did you know that cherries and strawberries represented the souls of men? Or that a dragonfly could be the devil‚Ä¶ https://t.co/s9rFhv5wlu,@BBC,Sat Apr 07 10:05:06 +0000 2018,0.0,0.0,1.0,0.0
33,"Losing your hair whilst going through cancer treatment can be distressing. 

This shop decided to try and do someth‚Ä¶ https://t.co/mcOgFrRtdq",@BBC,Sat Apr 07 09:00:12 +0000 2018,-0.8658,0.0,0.637,0.363
34,üóëü§ñ This trash collecting robot can be controlled by anyone via the internet. https://t.co/N2gbeP2nIo,@BBC,Sat Apr 07 08:00:16 +0000 2018,0.0,0.0,1.0,0.0
35,"RT @bbcgetinspired: 'Women don't just stay at home and look after the kids, we don't just do dance or gymnastics, we play tennis, football‚Ä¶",@BBC,Sat Apr 07 07:54:05 +0000 2018,0.34,0.094,0.906,0.0
36,üòçüêø These baby red squirrels are too cute to handle. https://t.co/d2r7c8EyUh,@BBC,Sat Apr 07 07:03:06 +0000 2018,0.4588,0.231,0.769,0.0
37,"RT @bbcmusic: Jade, this was INCREDIBLE üòç
#SoundsLikeFridayNight https://t.co/rSGnYVTFYu",@BBC,Fri Apr 06 19:48:37 +0000 2018,0.0,0.0,1.0,0.0
38,ü§î Modern life is a mystery. https://t.co/a4817Iugzz,@BBC,Fri Apr 06 18:07:07 +0000 2018,0.0,0.0,1.0,0.0
39,"Tune in to #SLFN tonight for performances from @snowpatrol, @Meghan_Trainor, @yearsandyears and @halsey. üé∂üé§üéâ

Sound‚Ä¶ https://t.co/EFjiBk5upm",@BBC,Fri Apr 06 17:32:05 +0000 2018,0.0,0.0,1.0,0.0
40,RT @bbcpointswest: ü§© Prince Harry and Meghan Markle arrive in Bath for the Invictus Games trials ü§© https://t.co/ywlHvaHt2z,@BBC,Fri Apr 06 16:13:08 +0000 2018,0.0,0.0,1.0,0.0
41,"üòÇ If you're going to get dumped on TV, it might as well be via @KylieMinogue. 

#TheGNShow | 10.35pm | @BBCOne https://t.co/CgfsjKjeob",@BBC,Fri Apr 06 16:08:04 +0000 2018,-0.1531,0.096,0.78,0.124
42,"RT @BBCNewsround: Ever wondered why we cry when we chop onions? Now you'll have no excuse to avoid cooking dinner, sorry! üòÇhttps://t.co/SyX‚Ä¶",@BBC,Fri Apr 06 16:02:36 +0000 2018,-0.7777,0.047,0.621,0.332
43,"RT @BBCOne: MY OLD FRIEND.

#OrdealByInnocence #Sunshine https://t.co/vQBvcgLrCe",@BBC,Fri Apr 06 15:23:45 +0000 2018,0.6037,0.36,0.64,0.0
44,"üéª Two years ago @ShekuKM won @BBCYoungMus. 
Now he wants to inspire other young people to pick up an instrument too‚Ä¶ https://t.co/fG0F3x2eDN",@BBC,Fri Apr 06 15:22:01 +0000 2018,0.8126,0.28,0.72,0.0
45,"RT @bbcgetinspired: She's only 11 years old, but @sport_wales' Anna Hursey is smashing it at #GC2018! üôå 

‚û° https://t.co/9sFYGzsgnQ #GetIns‚Ä¶",@BBC,Fri Apr 06 15:20:18 +0000 2018,0.0,0.0,1.0,0.0
46,RT @bbcmusic: Counting down the seconds TBH üíÖ@LittleMix https://t.co/6UTrz9gqQr,@BBC,Fri Apr 06 15:02:33 +0000 2018,0.0,0.0,1.0,0.0
47,üçûüçª Hate food waste but love beer? https://t.co/IL9jmlaMjs,@BBC,Fri Apr 06 15:02:05 +0000 2018,0.5499,0.385,0.332,0.282
48,"RT @BBCRadio3: ""Stop being so selfish ‚Äì this isn‚Äôt about you."" Harsh words - or tough love?
Zeynep, Jess and Sam discuss one teacher‚Äôs cont‚Ä¶",@BBC,Fri Apr 06 14:30:39 +0000 2018,-0.5849,0.13,0.559,0.31
49,"üêò ü¶èü¶íüî≠
Saving animals using space technology. https://t.co/gAwJcD2I2A",@BBC,Fri Apr 06 14:07:06 +0000 2018,0.0,0.0,1.0,0.0
50,"üçøüéü From a near-silent horror film to an Australian Western, here are 8 movies worth watching in April. 
üëâ‚Ä¶ https://t.co/b15kbsQ7MD",@BBC,Fri Apr 06 13:02:05 +0000 2018,-0.4215,0.088,0.741,0.171
51,RT @BBCOne: For all the drama queens. üëë https://t.co/RfdMDieaCZ,@BBC,Fri Apr 06 12:18:09 +0000 2018,0.0,0.0,1.0,0.0
52,üíÉüï∫ Meet the dancers from Lagos who've been tipped for the top by @Rihanna and @NaomiCampbell. https://t.co/3ySZPqcyBr,@BBC,Fri Apr 06 12:03:05 +0000 2018,0.2023,0.101,0.899,0.0
53,"RT @BBCSport: Gareth Evans absolutely loved it! üí™ 

This is how it felt to win Wales' first gold! ü•áüè¥Û†ÅßÛ†Å¢Û†Å∑Û†Å¨Û†Å≥Û†Åø

#GC2018 #bbcgoldcoast https://t‚Ä¶",@BBC,Fri Apr 06 11:32:15 +0000 2018,0.8617,0.311,0.689,0.0
54,"ü¶Åü¶èüêÜ 
Royal pets are now more synonymous with corgis than wild animals, but historically monarchs would own an array‚Ä¶ https://t.co/5VVyiWHPv1",@BBC,Fri Apr 06 11:00:06 +0000 2018,0.0,0.0,1.0,0.0
55,"üòª Say hello to Willow the cheetah! 
#BigCatsAboutTheHouse https://t.co/e9xNVjR0gi",@BBC,Fri Apr 06 10:10:03 +0000 2018,0.0,0.0,1.0,0.0
56,RT @BBCSport: It all happened in the weightlifting... #GC2018 https://t.co/s8qnPsuyaz,@BBC,Fri Apr 06 08:58:33 +0000 2018,0.0,0.0,1.0,0.0
57,RT @BBCBreakfast: All you need to know about the 'sugar tax' and how your favourite soft drink may change. https://t.co/mjFwTN1UHs,@BBC,Fri Apr 06 08:30:51 +0000 2018,0.0,0.0,1.0,0.0
58,RT @bbcpress: üì∏ #FirstLook at Eleanor Tomlinson and Rafe Spall in @BBCOne adaptation of H.G. Wells' #WarOfTheWorlds as filming begins: http‚Ä¶,@BBC,Fri Apr 06 08:08:50 +0000 2018,0.25,0.095,0.905,0.0
59,"üò≤üé®üáøüá¶ Hotel or modern art museum?
#AmazingHotels https://t.co/Xbmjzviivh",@BBC,Fri Apr 06 08:00:17 +0000 2018,0.0,0.0,1.0,0.0
60,"It might not always feel like it, but psychologist @sapinker is convinced that the world is on the up. https://t.co/a8PrDXjDcL",@BBC,Fri Apr 06 07:00:09 +0000 2018,0.4579,0.154,0.779,0.067
61,"'There‚Äôs the England before Stephen, and there‚Äôs the England after Stephen.' 

Stephen: The Murder That Changed a N‚Ä¶ https://t.co/BLynBXYH7I",@BBC,Thu Apr 05 20:02:00 +0000 2018,-0.6908,0.0,0.783,0.217
62,"üêÜ Could building walkways in nature help save these big cats?
#BigCatsAboutTheHouse https://t.co/NdkxCDBpee",@BBC,Thu Apr 05 18:00:24 +0000 2018,0.7096,0.371,0.629,0.0
63,"üòãüòã Pocket-friendly recipes for two.
üëâ https://t.co/CzuDNQNw3B https://t.co/xbrrmlIgNF",@BBC,Thu Apr 05 17:02:05 +0000 2018,0.0,0.0,1.0,0.0
64,"üëÄ From illegal ivory to taxidermy, take a peek inside the banned wildlife room at Heathrow Airport. https://t.co/8yIok0eobX",@BBC,Thu Apr 05 16:00:17 +0000 2018,-0.765,0.0,0.68,0.32
65,RT @bbccomedy: Smithy is an irl ray of #sunshine. https://t.co/NgA4t4jZob,@BBC,Thu Apr 05 15:55:28 +0000 2018,0.0,0.0,1.0,0.0
66,"RT @BBCTheOneShow: ..@DIYSOS  are building a gym and community area for the Grenfell community, but @MrNickKnowles needs something specific‚Ä¶",@BBC,Thu Apr 05 14:34:17 +0000 2018,0.0,0.0,1.0,0.0
67,"RT @bbcmusic: STOP EVERYTHING: @GaryBarlow is coming to Sounds Like Friday Night üôåüí™ 
Don't miss it: 7.30pm, Friday, @BBCOne üí´#SLFN https://‚Ä¶",@BBC,Thu Apr 05 12:59:08 +0000 2018,0.0028,0.159,0.724,0.118
68,"RT @BBCOne: You took your sweet time. 

#Poldark #sunshine https://t.co/Ep33Zt5YZi",@BBC,Thu Apr 05 12:37:24 +0000 2018,0.4588,0.25,0.75,0.0
69,"It's time society stopped judging black women by their hair, British-Somali artist @blackpowerpufff says.‚Ä¶ https://t.co/lRmAfxmefR",@BBC,Thu Apr 05 11:56:05 +0000 2018,-0.2263,0.0,0.881,0.119
70,üìö A biography about conjoined twins from Siam who became US slave-owners + 9 other books to bury your nose in this‚Ä¶ https://t.co/1UfP6LTH0i,@BBC,Thu Apr 05 11:01:08 +0000 2018,0.0,0.0,1.0,0.0
71,RT @BBCSport: Scotland's Hannah Miley takes the silver in the women's 400m individual medley! ü•à https://t.co/GrailyYrno #bbcgoldcoast https‚Ä¶,@BBC,Thu Apr 05 10:26:16 +0000 2018,0.0,0.0,1.0,0.0
72,üòçüêø A trio of baby red squirrels have been rescued in Perthshire.  https://t.co/d2r7c8EyUh,@BBC,Thu Apr 05 10:22:47 +0000 2018,0.4215,0.203,0.797,0.0
73,"RT @BBCBreakfast: Some GOOD plastic news!
Marine conservationists say the 5p carrier bag charge has reduced the amount of single use plasti‚Ä¶",@BBC,Thu Apr 05 10:03:28 +0000 2018,0.6027,0.157,0.843,0.0
74,"RT @BBCRadio2: What happens when you put one harp, three fiddles, and the cream of the folk world in one room?

We brought together @elizac‚Ä¶",@BBC,Thu Apr 05 09:55:45 +0000 2018,0.0,0.0,1.0,0.0
75,"RT @BBCRadio4: Is @Youtube a form of folk art?
The #Unpopped podcast looks at the rise and dominance of YouTube and YouTubers with @sophieh‚Ä¶",@BBC,Thu Apr 05 09:53:47 +0000 2018,0.2023,0.076,0.924,0.0
76,"RT @bbcasiannetwork: üö´It's your last chance to apply for placements at @BBCR1 @1Xtra and Asian Network in our Where It Begins Scheme! üö´
Wha‚Ä¶",@BBC,Thu Apr 05 09:52:41 +0000 2018,0.3164,0.094,0.906,0.0
77,"RT @bbcthree: ""Let me guess, your name is Singh?"" and other things not to say to Sikh people. https://t.co/tZLfWssxez",@BBC,Thu Apr 05 09:44:41 +0000 2018,0.0,0.0,1.0,0.0
78,"RT @BBCSport: It was a tough day in the office for this Cypriot gymnast.

#bbcgoldcoast #GC2018 https://t.co/Xmt9bgMyeQ",@BBC,Thu Apr 05 09:06:05 +0000 2018,-0.128,0.0,0.909,0.091
79,"RT @bbcweather: *Public service announcement*
Ladies and gentlemen DO NOT be alarmed! I've checked through our 'big book of weather', and I‚Ä¶",@BBC,Thu Apr 05 08:57:48 +0000 2018,-0.4003,0.0,0.886,0.114
80,"üêê No kidding, goat pilates is a real thing. https://t.co/kmuOKupPwB",@BBC,Thu Apr 05 08:01:06 +0000 2018,-0.2023,0.146,0.625,0.229
81,"RT @BBCNewsEnts: Florence + The Machine, @DemiLovato @BastilleDan and @QueensChristine have been added to the line-up for @BBCMusic's Bigge‚Ä¶",@BBC,Thu Apr 05 07:33:03 +0000 2018,0.0,0.0,1.0,0.0
82,"üé®üåÜ Monet in the city: A rarely-seen side of the great Impressionist. 
üëâhttps://t.co/IFaHpevPfG https://t.co/E9UwhYfz32",@BBC,Thu Apr 05 07:29:10 +0000 2018,0.7269,0.357,0.643,0.0
83,Doctor Kathryn Mannix on why we need to talk about death. https://t.co/TlFgCB78Lm,@BBC,Thu Apr 05 07:00:08 +0000 2018,-0.5994,0.0,0.738,0.262
84,"Tonight, @PatricKielty explores the legacy of Northern Ireland's peace deal, 20 years on. 

My Dad, the Peace Deal‚Ä¶ https://t.co/5xNLeIgiUM",@BBC,Wed Apr 04 19:05:08 +0000 2018,0.7906,0.292,0.708,0.0
85,This 83-year-old lingerie model has a powerful message about ageing. https://t.co/F0p12gFvFu,@BBC,Wed Apr 04 18:02:06 +0000 2018,0.4215,0.237,0.763,0.0
86,RT @BBC6Music: üòç Make a date with Cillian Murphy this Friday from 7-9pm BST as he sits in for @IggyPop. Listen worldwide https://t.co/Dd2ji‚Ä¶,@BBC,Wed Apr 04 17:04:50 +0000 2018,0.0,0.0,1.0,0.0
87,Don‚Äôt miss the highlights of the #CommonwealthGames Opening Ceremony from Australia‚Äôs Gold Coast.  üè∏üèä‚Äç‚ôÄÔ∏èü§∏ #GC2018‚Ä¶ https://t.co/krMnULo1NJ,@BBC,Wed Apr 04 17:02:05 +0000 2018,-0.1531,0.0,0.904,0.096
88,Does your name match your face? https://t.co/N2kzChM8dc,@BBC,Wed Apr 04 16:00:29 +0000 2018,0.0,0.0,1.0,0.0
89,"Animal cloning is becoming more common ‚Äì and cloning extinct species could be on the horizon. 

Could parks and zoo‚Ä¶ https://t.co/WKRdKGZiQE",@BBC,Wed Apr 04 15:03:05 +0000 2018,0.0,0.0,1.0,0.0
90,üçïüòÇ A Canadian man has been 'pardoned' by a luxury hotel after his room was ransacked by a flock of pepperoni-loving‚Ä¶ https://t.co/TvU39MT9pl,@BBC,Wed Apr 04 13:05:05 +0000 2018,0.0,0.0,1.0,0.0
91,"RT @BBCYoungMus: The search for the next #bbcyoungmusician begins this Friday with 5 incredible strings finalists@BBCFOUR,7.30. Missed our‚Ä¶",@BBC,Wed Apr 04 12:49:56 +0000 2018,-0.296,0.0,0.879,0.121
92,"üö®üò± Who's excited to see @LittleMix on Sounds Like Friday Night!?

#SLFN | @BBCOne | Friday, 7.30pm https://t.co/474h2EwXjv",@BBC,Wed Apr 04 12:17:04 +0000 2018,0.636,0.271,0.729,0.0
93,"RT @BBCWomansHour: Today #MayaAngelou would have turned 90 üéà Poet, director, ambassador, actor and civil-rights activist were just a few of‚Ä¶",@BBC,Wed Apr 04 12:03:29 +0000 2018,0.0,0.0,1.0,0.0
94,"You can't be 'a bit OCD'.

Challenging some of the common misconceptions about #OCD. https://t.co/nGIf4mMJc4",@BBC,Wed Apr 04 12:00:30 +0000 2018,0.1531,0.103,0.897,0.0
95,"The Games are here. But how much do you really know about the Commonwealth? 
Play our quiz to find out. 
üëâ‚Ä¶ https://t.co/tQeekDEvWo",@BBC,Wed Apr 04 11:02:06 +0000 2018,0.34,0.103,0.897,0.0
96,"RT @BBCArchive: Dr Martin Luther King speaking with John Freeman on Face to Face.
You can watch the interview in full here: https://t.co/BX‚Ä¶",@BBC,Wed Apr 04 10:19:06 +0000 2018,0.4019,0.109,0.891,0.0
97,"RT @VictoriaLIVE: ""How will the dream live on in me, in you, in all of us?""

@Oprah Winfrey pays tribute to the civil rights leader Dr Mart‚Ä¶",@BBC,Wed Apr 04 10:09:33 +0000 2018,0.25,0.071,0.929,0.0
98,"RT @bbcthesocial: You're never too old for a selfie ‚ù§Ô∏è

@Antonis95K https://t.co/VHihA5XOrY",@BBC,Wed Apr 04 09:16:19 +0000 2018,0.0,0.0,1.0,0.0
99,"üòÅüòÇ A police force's e-fit of a burglary suspect has been mocked for its resemblance to the Cheshire Cat.
üëâ‚Ä¶ https://t.co/VdkfuAmiFI",@BBC,Wed Apr 04 09:11:29 +0000 2018,-0.5423,0.0,0.791,0.209
100,üß†üé∂ There's a good reason why this woman was asked to play the flute during brain surgery.  https://t.co/I5FpONxP4f,@BBC,Wed Apr 04 08:03:03 +0000 2018,0.6486,0.261,0.739,0.0
1,@OldDominion's Matthew Ramsey is here with a friendly reminder - Country Music‚Äôs Party Of The Year¬Æ is just seven d‚Ä¶ https://t.co/SFnXxQLoPN,@CBS,Sun Apr 08 22:00:01 +0000 2018,0.7096,0.258,0.742,0.0
2,It's time to celebrate! @MomCBS will be back back for Season 6! https://t.co/ianxp6JWHq,@CBS,Sun Apr 08 19:19:52 +0000 2018,0.6467,0.263,0.737,0.0
3,It all comes down to this! Stream Round 4 of #TheMasters Tournament on CBS live with a free trial of CBS All Access‚Ä¶ https://t.co/mNFSAUkLvZ,@CBS,Sun Apr 08 18:38:13 +0000 2018,0.5562,0.146,0.854,0.0
4,"@reba is ready for her hosting duties! In just one week, watch her take the stage at the 53rd #ACMawards. Tune in A‚Ä¶ https://t.co/TmjezmqPme",@CBS,Sun Apr 08 15:00:00 +0000 2018,0.4199,0.108,0.892,0.0
5,Watch some of the biggest names in golf compete in one of the greatest tournaments of the year! Stream #TheMasters‚Ä¶ https://t.co/e8kbkSLx5k,@CBS,Sat Apr 07 19:35:08 +0000 2018,0.6696,0.183,0.817,0.0
6,Tonight's the night! Here's a behind-the-scenes look at season 2 of @RansomCBS before the big premiere. Tune in at‚Ä¶ https://t.co/WtRHvufO7H,@CBS,Sat Apr 07 18:28:03 +0000 2018,0.0,0.0,1.0,0.0
7,What song will @DierksBentley belt out when he takes the stage to perform at the 53rd #ACMawards? Get ready to sing‚Ä¶ https://t.co/oEtKJnKQVn,@CBS,Sat Apr 07 16:30:02 +0000 2018,0.3612,0.106,0.894,0.0
8,"@johnlegend, @mirandalambert, @KeshaRose, and more perform @eltonofficial's hit songs! Watch Elton John: I'm Still‚Ä¶ https://t.co/VF3hf8OCT7",@CBS,Sat Apr 07 15:31:12 +0000 2018,0.0,0.0,1.0,0.0
9,Ask 53rd ACM Awards¬Æ host @reba a question and she just may answer it on April 11 at 5:30p ET/2:30p PT when she tak‚Ä¶ https://t.co/DAa5gQS8oX,@CBS,Fri Apr 06 21:10:18 +0000 2018,0.0,0.0,1.0,0.0
10,What‚Äôs @eltonofficial's birth name and which of his songs holds the record for biggest selling single of all time?‚Ä¶ https://t.co/N5qkMYCE7e,@CBS,Fri Apr 06 17:00:00 +0000 2018,0.0,0.0,1.0,0.0
11,Do you have a question for country music legend and host of the 53rd ACM Awards¬Æ @reba? Write it below for a chance‚Ä¶ https://t.co/yVVDVFpxDM,@CBS,Fri Apr 06 13:45:00 +0000 2018,0.0,0.0,1.0,0.0
12,How well do you know The Academy of Country Music Awards‚Ñ¢? Test your knowledge of Country Music‚Äôs Party of the Year‚Ä¶ https://t.co/lfWAcvAbZa,@CBS,Thu Apr 05 21:44:00 +0000 2018,0.5859,0.194,0.806,0.0
13,"RT @CodeBlackCBS: The intensity and emotions of your favorite show are returning to @CBS in 3 weeks.

Get excited. https://t.co/aGUNIPwRjh",@CBS,Thu Apr 05 19:07:48 +0000 2018,0.6597,0.241,0.759,0.0
14,"Don't miss @littlebigtown's amazing performance of @eltonofficial's ""Rocket Man"" under the big spotlight at Elton J‚Ä¶ https://t.co/bqse7nhkV3",@CBS,Thu Apr 05 17:00:00 +0000 2018,-0.3875,0.074,0.769,0.157
15,Today's biggest stars are celebrating @EltonJohn's most beloved and legendary catalogue of hits with two albums dro‚Ä¶ https://t.co/cilUdkKtjQ,@CBS,Wed Apr 04 22:07:01 +0000 2018,0.807,0.313,0.687,0.0
16,"RT @LifeInPiecesCBS: We ""literally can't even"" with how hilarious these #LifeInPieces outtakes are! üòÇ

Introducing Laughing To Pieces! Foll‚Ä¶",@CBS,Wed Apr 04 21:48:07 +0000 2018,0.7568,0.288,0.712,0.0
17,"RT @YoungSheldon: Don't miss guest star @Followtheblonde in tomorrow's all-new #YoungSheldon! Trust us, you're going to love every minute.‚Ä¶",@CBS,Wed Apr 04 21:47:26 +0000 2018,0.8495,0.366,0.634,0.0
18,RT @MomCBS: Tomorrow's episode of #Mom is going to be a doggone good one! https://t.co/e1WI3uOxVg,@CBS,Wed Apr 04 21:46:13 +0000 2018,0.4926,0.197,0.803,0.0
19,RT @survivorcbs: There's a lot at stake when competing for actual steak. Get a glimpse at an all-new #Survivor: Ghost Island at 8/7c on CBS‚Ä¶,@CBS,Wed Apr 04 21:44:17 +0000 2018,-0.3182,0.0,0.905,0.095
20,RT @TVLine: #LifeInPieces Sneak Peek: Sophia and Her Stuffed Toys Stage a Musical¬†Protest https://t.co/r16SLZlZPc,@CBS,Wed Apr 04 18:02:13 +0000 2018,-0.25,0.0,0.867,0.133
21,Whose catchy tune will take Song Of The Year at the 53rd #ACMawards? Give it up for the four nominees -‚Ä¶ https://t.co/R9MtUNZtsw,@CBS,Tue Apr 03 23:00:00 +0000 2018,0.0,0.0,1.0,0.0
22,"Here's everything you need to know before tuning into Elton John: I'm Still Standing - A GRAMMY¬Æ Salute on Tuesday,‚Ä¶ https://t.co/C8fiKl4j98",@CBS,Tue Apr 03 21:00:02 +0000 2018,0.0,0.0,1.0,0.0
23,"In just one week, @eltonofficial and today's hottest stars in music will join together to celebrate Elton's countle‚Ä¶ https://t.co/ACQGHNWz8u",@CBS,Tue Apr 03 18:00:00 +0000 2018,0.7096,0.258,0.742,0.0
24,Tonight we #LightItUpBlue for greater understanding and acceptance. CBS supports #WorldAutismAwarenessDay by lighti‚Ä¶ https://t.co/hBAXcDvP4r,@CBS,Tue Apr 03 05:17:01 +0000 2018,0.7906,0.421,0.579,0.0
25,No one does it quite like @eltonofficial. The artist himself will belt out some of his chart-topping hits on Elton‚Ä¶ https://t.co/ckY4bUvTXI,@CBS,Mon Apr 02 17:30:00 +0000 2018,0.1513,0.116,0.792,0.092
26,The Las Vegas strip is about to light up brighter than ever before when Country Music‚Äôs Party Of The Year¬Æ takes ov‚Ä¶ https://t.co/j1A2ZVHAoO,@CBS,Sun Apr 01 17:00:03 +0000 2018,0.6486,0.202,0.798,0.0
27,"‚ÄúIf you don‚Äôt do something about it, then who are you? ‚Ä¶ It can happen to anyone.‚Äù - @aplusk 

Tonight at 10/9c, a‚Ä¶ https://t.co/EQabNc1UZI",@CBS,Sat Mar 31 18:00:00 +0000 2018,0.0,0.0,1.0,0.0
28,Give it up for @KelseaBallerini! This star is one of the Female Vocalist Of The Year nominees and she's ready to ta‚Ä¶ https://t.co/wLyHwkEGs2,@CBS,Sat Mar 31 15:30:00 +0000 2018,0.4199,0.113,0.887,0.0
29,Take and post a photo of the woman in your life who inspires you! The photo should only have one person against a n‚Ä¶ https://t.co/BHdxXlWfKP,@CBS,Fri Mar 30 16:50:00 +0000 2018,0.4926,0.127,0.873,0.0
30,"Expect epic performances by @kanebrown , @kelly_clarkson, @OfficialJackson, and more at this year's 53rd #ACMawards‚Ä¶ https://t.co/3yso7Z0cjv",@CBS,Thu Mar 29 17:32:40 +0000 2018,0.0,0.0,1.0,0.0
31,"Will @HIGHVALLEY, @LancoMusic, @LOCASHmusic, @MidlandOfficial, or @runawayjune be named New Vocal Duo Or Group Of T‚Ä¶ https://t.co/v0QIPLC47R",@CBS,Thu Mar 29 17:30:02 +0000 2018,0.0,0.0,1.0,0.0
32,Count on Entertainer Of The Year nominee @LukeBryanOnline to crash the party with an epic performance at the 53rd‚Ä¶ https://t.co/27ua60HTqu,@CBS,Tue Mar 27 21:00:01 +0000 2018,0.3818,0.212,0.68,0.108
33,Join @eltonofficial and some of today's hottest names in music when they take the stage to perform his most memorab‚Ä¶ https://t.co/jz0jaShZIj,@CBS,Tue Mar 27 17:00:00 +0000 2018,0.296,0.099,0.901,0.0
34,"RT @ACMawards: The ACM for New Vocal Group of the Year goes to @MidlandOfficial! And yes, that really was @Reba on the phone! #ACMawards ht‚Ä¶",@CBS,Mon Mar 26 22:14:25 +0000 2018,0.508,0.12,0.88,0.0
35,"RT @ACMawards: In case you didn‚Äôt know, the ACM for New Male Vocalist of the Year goes to @BrettYoungMusic. Check out his reaction when @Re‚Ä¶",@CBS,Mon Mar 26 20:42:48 +0000 2018,0.0,0.0,1.0,0.0
36,RT @ACMawards: Over the weekend @Reba called the ACM New Artist of the Year winners to let them know they had won! Let‚Äôs just say our New F‚Ä¶,@CBS,Mon Mar 26 16:59:19 +0000 2018,0.7959,0.214,0.786,0.0
37,"Congratulations to the 53rd #ACMawards New Artist winners @Lauren_Alaina, @MidlandOfficial, and @BrettYoungMusic! W‚Ä¶ https://t.co/Fr8H4arwGj",@CBS,Mon Mar 26 16:05:18 +0000 2018,0.807,0.378,0.622,0.0
38,New start times in East/Central Time Zones #60Minutes 7:35ET/6:35CT #Instinct  8:35ET/7:35CT #NCISLA 9:35ET/8:35CT‚Ä¶ https://t.co/8W5hAeLrvs,@CBS,Sun Mar 25 23:57:34 +0000 2018,0.0,0.0,1.0,0.0
39,Don‚Äôt miss a minute of the action. Stream the¬†Elite Eight¬Æ¬†games LIVE today starting at 2PM ET with a FREE trial of‚Ä¶ https://t.co/8NwU8HdiHR,@CBS,Sun Mar 25 17:15:25 +0000 2018,0.5319,0.157,0.78,0.062
40,RT @MomCBS: That's a wrap on the #Mom panel at #PaleyFest! Thanks for following along! https://t.co/we4JgqPt6P,@CBS,Sat Mar 24 22:46:53 +0000 2018,0.5399,0.199,0.801,0.0
41,RT @MomCBS: A fan just commented that #Mom helped bring him out of a deep depression. üíúüíúüíú #PaleyFest,@CBS,Sat Mar 24 22:46:43 +0000 2018,-0.34,0.115,0.7,0.185
42,"RT @MomCBS: ""Go out for it anyway. If you're good for the role, you're good for the role."" @theJaimePressly's advice for aspiring actors wi‚Ä¶",@CBS,Sat Mar 24 22:25:03 +0000 2018,0.7003,0.209,0.791,0.0
43,RT @MomCBS: Mom Co-Creator @GemmaRBaker just pointed out her own #Mom in the audience at #PaleyFest! üíú,@CBS,Sat Mar 24 22:21:37 +0000 2018,0.0,0.0,1.0,0.0
44,"RT @MomCBS: ""I'm not someone in recovery who goes to AA, but I have taken so much away from it...to take one day at a time."" - @theJaimePre‚Ä¶",@CBS,Sat Mar 24 22:21:34 +0000 2018,0.0,0.0,1.0,0.0
45,"RT @MomCBS: ""You get to appreciate working with such talented people."" - @AnnaKFaris #Mom #PaleyFest",@CBS,Sat Mar 24 22:21:26 +0000 2018,0.7184,0.333,0.667,0.0
46,RT @MomCBS: ‚ÄúI love this job. I love working with these women. I love working in front of the live audience‚Ä¶ It‚Äôs alive and it‚Äôs fun.‚Äù - @A‚Ä¶,@CBS,Sat Mar 24 22:21:23 +0000 2018,0.9451,0.42,0.58,0.0
47,"Get on your feet for @Jason_Aldean, @ThomasRhett, @ChrisStapleton, @KeithUrban, and @ChrisYoungMusic, the five nomi‚Ä¶ https://t.co/oT5ogjdj4x",@CBS,Sat Mar 24 20:00:02 +0000 2018,0.0,0.0,1.0,0.0
48,Get ready for some sweet games! Stream #5 Clemson vs #1 Kansas LIVE at 7PM ET and #11 Syracuse vs #2 Duke LIVE at 9‚Ä¶ https://t.co/4WstgrKNnW,@CBS,Fri Mar 23 22:33:52 +0000 2018,0.6996,0.194,0.806,0.0
49,RT @SEALTeamCBS: In honor of #NationalPuppyDay... üòç #SEALTeam https://t.co/4mIZPpiRlU,@CBS,Fri Mar 23 22:33:04 +0000 2018,0.4939,0.314,0.686,0.0
50,"RT @HawaiiFive0CBS: Nothing like a man and his dog! üòçüê∂ Happy #NationalPuppyDay to Eddie, the best pup on the Five-0 Task Force! #H50 https:‚Ä¶",@CBS,Fri Mar 23 22:32:48 +0000 2018,0.8997,0.355,0.645,0.0
51,Game on! 16 teams left and the race to the finish continues tonight. Stream #11 Loyola-Chicago vs #7 Nevada LIVE at‚Ä¶ https://t.co/W374rmzzoC,@CBS,Thu Mar 22 22:10:29 +0000 2018,0.0,0.0,1.0,0.0
52,Save the date! These are season finales you do NOT want to miss. RT if you're excited! https://t.co/UUQoWsPPSh https://t.co/cDl4WmxMtU,@CBS,Thu Mar 22 20:52:02 +0000 2018,0.7081,0.311,0.623,0.066
53,Congratulations to all of the @CBSDaytime nominees for the #DaytimeEmmys! See the full list of #DaytimeEmmy nominee‚Ä¶ https://t.co/ivJVJWvfsf,@CBS,Thu Mar 22 00:23:38 +0000 2018,0.636,0.198,0.802,0.0
54,Female Vocalist Of The Year nominee @MarenMorris will show her fans how it‚Äôs done when she takes the stage to showc‚Ä¶ https://t.co/PITjmAoFT8,@CBS,Wed Mar 21 18:00:01 +0000 2018,0.0,0.0,1.0,0.0
55,The legendary @Reba returns to host the 53rd #ACMawards and she‚Äôs proving just how comfortable she is behind the mi‚Ä¶ https://t.co/XPXcSPRXqC,@CBS,Tue Mar 20 20:00:01 +0000 2018,0.5106,0.142,0.858,0.0
56,RT @nancyodell: Told my daughter I'd be presenting at @ACMawards again this year. (Woot woot!We both luv country music!)She took this pic o‚Ä¶,@CBS,Tue Mar 20 17:58:43 +0000 2018,0.0,0.0,1.0,0.0
57,RT @ladyantebellum: Ecstatic to announce we'll be performing at the #ACMawards in Las Vegas again this year! https://t.co/Qfhs94j6FR,@CBS,Tue Mar 20 16:52:42 +0000 2018,0.5562,0.174,0.826,0.0
58,"Country superstars @kennychesney, @ladyantebellum, @blakeshelton, and @KeithUrban have just been added to the stell‚Ä¶ https://t.co/bJ4If7MacP",@CBS,Tue Mar 20 16:11:00 +0000 2018,0.0,0.0,1.0,0.0
59,"RT @YandR_CBS: Forever evolving, Forever inspiring, Forever Young and Restless. ‚ù§Ô∏è Get ready to celebrate 45 years of #YR starting in just‚Ä¶",@CBS,Mon Mar 19 21:02:26 +0000 2018,0.7845,0.309,0.619,0.072
60,New start times in East/Central Time Zones: #60Minutes 7:37ET/6:37CT #Instinct series premiere 8:37ET/7:37CT‚Ä¶ https://t.co/xT3YKqmu2M,@CBS,Sun Mar 18 23:44:30 +0000 2018,0.0,0.0,1.0,0.0
61,Spend your Sunday streaming Second Round games LIVE with a FREE trial of CBS All Access! https://t.co/3P85rXLy4b https://t.co/zbWfirD9Ju,@CBS,Sun Mar 18 18:05:43 +0000 2018,0.6514,0.213,0.787,0.0
62,"RT @instinctcbs: TONIGHT, Dr. Dylan Reinhart rewrites the book on abnormal behavior. Don't miss the premiere of #Instinct at 8/7c! https://‚Ä¶",@CBS,Sun Mar 18 17:09:53 +0000 2018,0.1867,0.08,0.92,0.0
63,"If any duo knows how to rock the stage, it's @FLAGALine. The Vocal Duo Of The Year nominee will perform live at the‚Ä¶ https://t.co/FknabB8NQp",@CBS,Sat Mar 17 19:00:02 +0000 2018,0.0,0.0,1.0,0.0
64,How is your bracket looking after last night? Stream Second Round games LIVE today with a FREE trial of CBS All Acc‚Ä¶ https://t.co/25JlIpgwog,@CBS,Sat Mar 17 17:42:43 +0000 2018,0.6166,0.161,0.839,0.0
65,Where better to spend #StPatricksDay than the place everybody knows your name? It‚Äôs just your luck that every singl‚Ä¶ https://t.co/Fom5wmdENL,@CBS,Sat Mar 17 14:00:03 +0000 2018,0.7096,0.247,0.753,0.0
66,Stars @JakeMcDorman and Nik Dodani will join the cast in the upcoming revival of Murphy Brown coming to CBS.‚Ä¶ https://t.co/JCAx29lo0i,@CBS,Fri Mar 16 22:53:21 +0000 2018,0.296,0.104,0.896,0.0
67,"RT @thegoodfight: Go behind the scenes with costume designer @DanLawsonStyle in ""Behind The Style,"" a new weekly video series all about the‚Ä¶",@CBS,Fri Mar 16 18:15:53 +0000 2018,0.0,0.0,1.0,0.0
68,The games have just begun! Continue to stream First Round games LIVE today with a FREE trial of CBS All Access:‚Ä¶ https://t.co/YTGsJ48zYP,@CBS,Fri Mar 16 16:28:40 +0000 2018,0.6514,0.178,0.822,0.0
69,"RT @TheTalkCBS: You asked, we answered! The fun never ends when the ladies #KeepTalking and answer your fan questions üó£üí¨‚û°Ô∏è https://t.co/ie1‚Ä¶",@CBS,Thu Mar 15 17:54:06 +0000 2018,0.7088,0.237,0.763,0.0
70,RT @instinctcbs: Dr. Dylan Reinhart is lured back into the field from his life of quiet academia when a certain serial killer makes things‚Ä¶,@CBS,Thu Mar 15 17:20:26 +0000 2018,-0.4939,0.077,0.766,0.157
71,Stream First Round games LIVE today starting at 12PM ET with a FREE trial of CBS All Access! https://t.co/3P85rXLy4b https://t.co/vZow3YD8cb,@CBS,Thu Mar 15 16:42:41 +0000 2018,0.6514,0.194,0.806,0.0
72,RT @CBSSports: It's the most wonderful time of the year. #MarchMadness https://t.co/e4c9qohqSR,@CBS,Thu Mar 15 14:32:16 +0000 2018,0.6115,0.266,0.734,0.0
73,"Give these ladies some love! @Lauren_Alaina, @DBradbery, @carlypearce, and @RaeLynn are nominated for New Female Vo‚Ä¶ https://t.co/IVhwURfJ3S",@CBS,Wed Mar 14 19:30:01 +0000 2018,0.6696,0.219,0.781,0.0
74,"RT @ManWithAPlan: Hungry for more #ManWithAPlan bloopers and behind-the-scenes videos featuring cast like @matt_leblanc, @thelizasnyder, @k‚Ä¶",@CBS,Tue Mar 13 18:48:52 +0000 2018,0.3612,0.143,0.857,0.0
75,"Music stars @MileyCyrus, @edsheeran, @ladygaga, and more will honor the legendary @eltonofficial and his hit songs‚Ä¶ https://t.co/UzxARCCLnI",@CBS,Tue Mar 13 14:15:10 +0000 2018,0.539,0.179,0.821,0.0
76,RT @thegoodfight: The verdict is in. The new season of #TheGoodFight is üî•üî•üî•! Stream it now on CBS All Access: https://t.co/FkYSNSXlRb https‚Ä¶,@CBS,Mon Mar 12 18:13:28 +0000 2018,0.2244,0.083,0.917,0.0
77,"RT @MadamSecretary: In less than an hour, #MadamSecretary's Keith Carradine will be taking over the @MadamSecretary Twitter page! Tweet alo‚Ä¶",@CBS,Mon Mar 12 01:20:43 +0000 2018,0.0,0.0,1.0,0.0
78,RT @DierksBentley: Take and post a photo of the woman in your life who inspires you daily! Use the hashtag #WomanAmenACM in your post for a‚Ä¶,@CBS,Fri Mar 09 22:48:26 +0000 2018,0.4926,0.117,0.883,0.0
79,"RT @MomCBS: If you missed guest star @KChenoweth in the latest episode of #Mom, not to worry! Watch now: https://t.co/RlvXoGOZ0l https://t.‚Ä¶",@CBS,Fri Mar 09 22:24:20 +0000 2018,0.1275,0.113,0.795,0.092
80,"Give a round of applause to @KelseaBallerini, @MirandaLambert, @Reba, @MarenMorris, and @CarrieUnderwood, the five‚Ä¶ https://t.co/Ncp1BTXx6N",@CBS,Fri Mar 09 21:10:21 +0000 2018,0.4215,0.177,0.823,0.0
81,"RT @thegoodfight: Smart, sexy, and sophisticated. See what's coming this season on #TheGoodFight. https://t.co/CuKhx2G50P https://t.co/ygTI‚Ä¶",@CBS,Fri Mar 09 18:27:28 +0000 2018,0.8658,0.447,0.553,0.0
82,RT @BlueBloods_CBS: Even stand-up guys fall down sometimes. #BlueBloods is new tonight at 10/9c! https://t.co/UOlDm22wWW,@CBS,Fri Mar 09 16:02:27 +0000 2018,0.0,0.0,1.0,0.0
83,Today and every day we celebrate the women in our lives who empower and inspire us. Share a story about an¬†influent‚Ä¶ https://t.co/9rVtqrElvT,@CBS,Thu Mar 08 18:00:49 +0000 2018,0.8625,0.336,0.664,0.0
84,Take and post a photo of the woman in your life who inspires you daily! Use the hashtag #WomanAmenACM in your post‚Ä¶ https://t.co/7ShhvE48zy,@CBS,Thu Mar 08 17:03:04 +0000 2018,0.4926,0.132,0.868,0.0
85,"RT @thegoodfight: Meticulously constructed. Soapy &amp; sexy. Intoxicating, savage television. üî• Here's what critics are saying about #TheGoodF‚Ä¶",@CBS,Wed Mar 07 18:39:10 +0000 2018,-0.2023,0.15,0.619,0.23
86,"This just in! @Jason_Aldean, @mirandalambert, @LukeBryanOnline, and many more are set to perform at the 53rd Academ‚Ä¶ https://t.co/mfxw2VxzU4",@CBS,Wed Mar 07 17:06:02 +0000 2018,0.0,0.0,1.0,0.0
87,"Meet the ensemble of talented actors slated to join $1, a new mystery series coming to CBS All Access:‚Ä¶ https://t.co/QoyYv7vxwg",@CBS,Tue Mar 06 18:10:59 +0000 2018,0.6705,0.244,0.756,0.0
88,"Will @Jason_Aldean, @garthbrooks, @LukeBryanOnline, @ChrisStapleton, or @KeithUrban be named Entertainer Of The Yea‚Ä¶ https://t.co/rMD8zjeX3s",@CBS,Mon Mar 05 22:16:43 +0000 2018,0.3818,0.167,0.833,0.0
89,"RT @thegoodfight: It feels good to be back. üë†üíÑüî• The season 2 premiere of #TheGoodFight is now streaming, exclusively on CBS All Access: htt‚Ä¶",@CBS,Sun Mar 04 08:05:26 +0000 2018,0.4404,0.116,0.884,0.0
90,"RT @thegoodfight: Tomorrow, #TheGoodFight is back. Stream the season 2 premiere only on CBS All Access: https://t.co/tNFR8LBJO2 https://t.c‚Ä¶",@CBS,Sat Mar 03 20:55:20 +0000 2018,0.0,0.0,1.0,0.0
91,"Who are the trailblazing women in your life that inspire you? Join CBS and the ANA's #SeeHer initiative, celebratin‚Ä¶ https://t.co/M0KqZ41Bes",@CBS,Fri Mar 02 22:30:01 +0000 2018,0.7096,0.247,0.753,0.0
92,"Join @maria_bello, @aishatyler and @TeaLeoni in celebrating the accomplishments of women who have contributed to th‚Ä¶ https://t.co/MefESBeFL3",@CBS,Fri Mar 02 20:30:01 +0000 2018,0.7096,0.282,0.718,0.0
93,"In honor of Women's History Month, CBS and the Association of National Advertisers' (ANA) #SeeHer initiative will p‚Ä¶ https://t.co/2wtYxKJVuO",@CBS,Fri Mar 02 18:45:00 +0000 2018,0.4939,0.151,0.849,0.0
94,RT @ZoeListerJones: Tonight‚Äôs an all new Life In Pieces and it‚Äôs directed by my ride or die @nataliaanderson!!!‚Ä¶ https://t.co/2LPfmyLWrY,@CBS,Thu Mar 01 18:59:01 +0000 2018,-0.6981,0.0,0.79,0.21
95,"RT @MarenMorris: Hot damn! Woke up from my post-wisdom teeth haze to find out I‚Äôm up for 4 @ACMawards ! So honored, especially for the Dear‚Ä¶",@CBS,Thu Mar 01 18:12:57 +0000 2018,0.4547,0.159,0.749,0.092
96,RT @KelseaBallerini: Ohhhhh goodness. Incredible. Thank you thank you thank you. #female https://t.co/1ZTYjNfQeF,@CBS,Thu Mar 01 18:11:50 +0000 2018,0.8591,0.538,0.462,0.0
97,RT @KeithUrban: ACMs...... HOLY SMOKES!!!!! MAD LOVE TO U ALL THIS MORNING  FOR THESE INCREDIBLE NOMINATIONS. I‚ÄôM EXTREMELY GRATEFUL!!!!!!!‚Ä¶,@CBS,Thu Mar 01 18:10:50 +0000 2018,0.4885,0.234,0.615,0.151
98,"RT @ACMawards: Congratulations to this year‚Äôs #ACMawards Video of the Year nominees:
‚ÄúBlack‚Äù - @DierksBentley
‚ÄúIt Ain‚Äôt My Fault‚Äù - @Brothe‚Ä¶",@CBS,Thu Mar 01 14:36:21 +0000 2018,0.5994,0.178,0.822,0.0
99,"RT @ACMawards: Please give a round of applause to this year‚Äôs #ACMawards Entertainer of the Year nominees: @Jason_Aldean, @GarthBrooks, @Lu‚Ä¶",@CBS,Thu Mar 01 14:29:20 +0000 2018,0.7717,0.325,0.675,0.0
100,".@ChrisStapleton, @ThomasRhett, @mirandalambert and more are all nominated for awards at Country Music's Party of t‚Ä¶ https://t.co/Vm1vXRUDYJ",@CBS,Thu Mar 01 14:15:29 +0000 2018,0.6908,0.275,0.725,0.0
1,#Trump warns Assad: 'Big price to pay' for fatal Syria attack https://t.co/89YDwXM5Cv,@FoxNews,Mon Apr 09 01:03:00 +0000 2018,-0.8126,0.0,0.46,0.54
2,#Trump national security spokesman Michael Anton to leave the @WhiteHouse https://t.co/QcwMRiCZho,@FoxNews,Mon Apr 09 01:00:10 +0000 2018,0.296,0.19,0.714,0.095
3,Anheuser-Busch debuts summery new Bud Light Orange https://t.co/OdJArWGqI9,@FoxNews,Mon Apr 09 00:53:00 +0000 2018,0.0,0.0,1.0,0.0
4,"Sketch released in severed head case in Texas, man sought https://t.co/zrgu5aWc0O",@FoxNews,Mon Apr 09 00:47:00 +0000 2018,-0.3612,0.0,0.8,0.2
5,Gas prices jump to $2.74 per gallon https://t.co/tjCwMlwaDI,@FoxNews,Mon Apr 09 00:41:00 +0000 2018,0.0,0.0,1.0,0.0
6,"Manhunt for Tennessee man, 23, who admits he killed his mother and his friend https://t.co/wsxEPP5w36",@FoxNews,Mon Apr 09 00:35:00 +0000 2018,-0.0258,0.247,0.548,0.205
7,Lyft driver abandons pilot in parking lot after learning he would only make $6 on ride https://t.co/lKigZYnIia,@FoxNews,Mon Apr 09 00:30:00 +0000 2018,-0.3182,0.0,0.874,0.126
8,OPINION: Has the California backlash against liberal craziness finally begun? https://t.co/qfrnE8DGds,@FoxNews,Mon Apr 09 00:25:00 +0000 2018,-0.3818,0.0,0.794,0.206
9,London Mayor Sadiq Khan targets knives as murder rate spikes: 'There is never a reason to carry a knife' https://t.co/NY8C3D3NPy,@FoxNews,Mon Apr 09 00:20:23 +0000 2018,-0.6908,0.0,0.783,0.217
10,"Florida woman caught with cocaine in purse blames it on windy day, police say https://t.co/DwvnksWJ5V",@FoxNews,Mon Apr 09 00:15:00 +0000 2018,-0.4019,0.0,0.838,0.162
11,Hungary leader Viktor Orban sweeps to re-election win with super majority https://t.co/oKTpx7ZBgy,@FoxNews,Mon Apr 09 00:09:00 +0000 2018,0.8271,0.435,0.565,0.0
12,"TONIGHT on ""Life, Liberty, &amp; Levin,"" @SarahPalinUSA sits down with @marklevinshow to discuss the border. Tune in at‚Ä¶ https://t.co/zYDzhZ2KsP",@FoxNews,Mon Apr 09 00:03:00 +0000 2018,0.5267,0.159,0.841,0.0
13,"Sergei, Yulia Skripal to get new identities to live in the US, report says https://t.co/K5t4Bs5OEB",@FoxNews,Sun Apr 08 23:57:00 +0000 2018,0.0,0.0,1.0,0.0
14,"Crowley says GOP attacking @NancyPelosi because 'bankrupt on ideas,' mum on plan to lead House caucus https://t.co/5I5bLbnlWH",@FoxNews,Sun Apr 08 23:52:00 +0000 2018,-0.765,0.0,0.694,0.306
15,"Delta passenger suffered 'painful' cartilage damage after child on flight repeatedly kicked her, she claims https://t.co/NFM6j0lNxM",@FoxNews,Sun Apr 08 23:47:00 +0000 2018,-0.7506,0.0,0.686,0.314
16,.@TheRock to give away largest HQ Trivia prize ever https://t.co/lNkkTtva2V,@FoxNews,Sun Apr 08 23:43:00 +0000 2018,0.5106,0.268,0.732,0.0
17,Pruitt slammed as unfit to lead EPA by 2 GOP senators; one calls him 'chucklehead' https://t.co/rePg4vRBpb,@FoxNews,Sun Apr 08 23:38:00 +0000 2018,0.0,0.0,1.0,0.0
18,"Florida woman, 23, killed by lightning at mud bog site https://t.co/75NAzcd7RD",@FoxNews,Sun Apr 08 23:32:14 +0000 2018,-0.6705,0.0,0.69,0.31
19,"On Friday, the @CBPRGV welcomed eight new horses to the Horse Patrol Unit. The wild Mustangs will be part of the te‚Ä¶ https://t.co/iPHdqBqaSG",@FoxNews,Sun Apr 08 23:23:31 +0000 2018,0.34,0.098,0.902,0.0
20,".@larry_kudlow on tariffs: ""China's response was highly unsatisfactory and I think that's unfortunate. We do have c‚Ä¶ https://t.co/w99MtLhcIX",@FoxNews,Sun Apr 08 23:08:00 +0000 2018,-0.4588,0.0,0.842,0.158
21,OPINION: Syria attack shows we now live in a world where using chemical weapons is considered OK -- and that should‚Ä¶ https://t.co/xV7d1u7kC3,@FoxNews,Sun Apr 08 22:59:42 +0000 2018,-0.4708,0.109,0.668,0.223
22,Cambridge Analytica whistleblower thinks Facebook data breach affected more users than reported https://t.co/HAAbSOQ5oZ,@FoxNews,Sun Apr 08 22:52:45 +0000 2018,-0.1531,0.0,0.882,0.118
23,BREAKING: Patrick Reed wins #Masters to claim first major title https://t.co/v1Y6lRcSga,@FoxNews,Sun Apr 08 22:43:48 +0000 2018,0.5719,0.27,0.73,0.0
24,New high-speed train in Florida kills 4th person since launching service https://t.co/qDOkQjSDaS,@FoxNews,Sun Apr 08 22:39:59 +0000 2018,-0.5423,0.0,0.759,0.241
25,OPINION: Do convicted criminals deserve a second chance? One man's incredible story offers a clue https://t.co/25M6oOhxaQ,@FoxNews,Sun Apr 08 22:28:26 +0000 2018,-0.4019,0.113,0.678,0.209
26,"Conor McGregor was 'causing trouble' in hotel room after release on bail, report says https://t.co/LNaRCOOHIa",@FoxNews,Sun Apr 08 22:10:45 +0000 2018,-0.4019,0.0,0.838,0.162
27,Parkland massacre survivor says she hid under dead classmate's body https://t.co/0aIJndwxS6,@FoxNews,Sun Apr 08 22:04:18 +0000 2018,-0.4939,0.154,0.494,0.352
28,"On ‚ÄúAmerica‚Äôs News HQ,‚Äù former Arizona @GovBrewer slammed @JerryBrownGov‚Äôs illegal immigration policies and praised‚Ä¶ https://t.co/jMZqqsJP1V",@FoxNews,Sun Apr 08 22:02:00 +0000 2018,-0.5574,0.0,0.795,0.205
29,".@cvpayne: ""This last month we saw the second-lowest unemployment rate for black Americans in history."" https://t.co/6Ls7sqgZkL",@FoxNews,Sun Apr 08 21:53:00 +0000 2018,-0.4404,0.0,0.838,0.162
30,RT @FoxBusiness: .@Facebook to send Cambridge Analytica data-use notices on Monday https://t.co/EJLtiXUt2G,@FoxNews,Sun Apr 08 21:44:06 +0000 2018,0.0,0.0,1.0,0.0
31,"Brandon Judd: ""I have to applaud President @realDonaldTrump for putting the @USNationalGuard on the border because‚Ä¶ https://t.co/4uRviSLXh5",@FoxNews,Sun Apr 08 21:42:00 +0000 2018,0.4588,0.158,0.842,0.0
32,DEVELOPING: North Korea has told the @realDonaldTrump administration that Kim Jong Un is ready to discuss denuclear‚Ä¶ https://t.co/mMmIqNvaud,@FoxNews,Sun Apr 08 21:31:03 +0000 2018,0.3612,0.128,0.872,0.0
33,Blooming red tulips are seen in the gardens of the South Lawn of the @WhiteHouse. https://t.co/5tbQb72pjG,@FoxNews,Sun Apr 08 21:30:00 +0000 2018,0.0,0.0,1.0,0.0
34,RT @EricShawnTV: Chemical weapons were banned by the 1925 Geneva Protocol after their horrific use in World War One. It is an attack on wor‚Ä¶,@FoxNews,Sun Apr 08 21:27:28 +0000 2018,-0.9538,0.0,0.536,0.464
35,"Rain or shine, soldiers keep watch over the Tomb of the Unknown Soldier to honor the service members who made the u‚Ä¶ https://t.co/rB1qmAgE4X",@FoxNews,Sun Apr 08 21:23:34 +0000 2018,0.4939,0.127,0.873,0.0
36,"Kim Jong Un willing to discuss getting rid of North Korea's nukes, US says https://t.co/Gh5W2f8Ea7",@FoxNews,Sun Apr 08 21:18:51 +0000 2018,0.0,0.0,1.0,0.0
37,"RT @foxnewspolitics: Kennedy dynasty faces a reckoning as controversial film hits theaters - via @brookefoxnews 
https://t.co/IRLIK1G7f2",@FoxNews,Sun Apr 08 21:18:37 +0000 2018,-0.2023,0.0,0.878,0.122
38,"Lt. Col. Travis Walters: ""@TexasGuard is able to deploy immediately to meet the call of our governor and the call o‚Ä¶ https://t.co/pXZnKP88Fw",@FoxNews,Sun Apr 08 21:10:00 +0000 2018,0.0,0.0,1.0,0.0
39,".@DiamondandSilk: ""If a privately owned bakery has to go against their Christian values to bake a cake, then Mark Z‚Ä¶ https://t.co/NUgKC7p4FJ",@FoxNews,Sun Apr 08 20:57:00 +0000 2018,0.4019,0.13,0.87,0.0
40,BREAKING NEWS: North Korea has told the @realDonaldTrump administration that Kim Jong Un is ready to discuss denucl‚Ä¶ https://t.co/rt9bQNZIBv,@FoxNews,Sun Apr 08 20:53:05 +0000 2018,0.3612,0.122,0.878,0.0
41,NY Times Op-Ed slamming 'Chappaquiddick' film as 'character assassination' spurs online outrage https://t.co/51am3hJGgV,@FoxNews,Sun Apr 08 20:52:06 +0000 2018,-0.802,0.0,0.604,0.396
42,"Tommy Kilbride: ""These landing mat fences don't work. So anyone that says the wall won't work has never been on the‚Ä¶ https://t.co/trVC5RNsK3",@FoxNews,Sun Apr 08 20:45:31 +0000 2018,0.0,0.0,1.0,0.0
43,".@TomFitton: ""@TheJusticeDept was a mess under Loretta Lynch. This meeting was an indication or an example of the w‚Ä¶ https://t.co/xl47PvFyaN",@FoxNews,Sun Apr 08 20:40:00 +0000 2018,-0.3612,0.0,0.878,0.122
44,"On @foxandfriends, former political science Professor @carolmswain sounded off on a North Carolina elementary schoo‚Ä¶ https://t.co/B8BZ0amlzn",@FoxNews,Sun Apr 08 20:39:00 +0000 2018,0.0,0.0,1.0,0.0
45,BREAKING: North Korea tells the Trump administration that it is ready to discuss denuclearization. https://t.co/gR9KrFO9gw,@FoxNews,Sun Apr 08 20:24:52 +0000 2018,0.3612,0.152,0.848,0.0
46,States sending troops to Mexico border. https://t.co/lROHVeMd6u,@FoxNews,Sun Apr 08 20:16:21 +0000 2018,0.0,0.0,1.0,0.0
47,"Amb. Dan Gillerman on Syria suspected chemical attack: ""I'm disappointed at the reaction so far of the internationa‚Ä¶ https://t.co/ASRalWh3Hq",@FoxNews,Sun Apr 08 20:14:41 +0000 2018,-0.7964,0.0,0.664,0.336
48,Trump slams Obama over not crossing 'red line' in Syria with 'Animal Assad' https://t.co/FZVYN2pmON,@FoxNews,Sun Apr 08 20:10:25 +0000 2018,0.0,0.0,1.0,0.0
49,"TONIGHT on ""Life, Liberty, &amp; Levin,"" @SarahPalinUSA sits down with @marklevinshow to discuss the border. Tune in at‚Ä¶ https://t.co/6q5mzImK8S",@FoxNews,Sun Apr 08 20:03:00 +0000 2018,0.5267,0.159,0.841,0.0
50,Outrage at Kimmel comments on Melania surges as protest petition exceeds 50K signatures https://t.co/riRjV4TDX4,@FoxNews,Sun Apr 08 20:01:02 +0000 2018,-0.6486,0.0,0.694,0.306
51,Wallace Presses Dem Rep: 'Is Nancy Pelosi a Liability for Democrats?' https://t.co/RnQDsoSwKQ,@FoxNews,Sun Apr 08 19:59:07 +0000 2018,-0.2023,0.0,0.847,0.153
52,"A large Canadian flag at half-mast is seen from a cemetery in #Humboldt, Saskatchewan, on Sunday, April 8, 2018. 15‚Ä¶ https://t.co/Wo12db9hiQ",@FoxNews,Sun Apr 08 19:52:08 +0000 2018,0.0,0.0,1.0,0.0
53,"A firefighter looks out from the window of a damaged apartment in Trump Tower in New York on Saturday, April 7, 201‚Ä¶ https://t.co/GbVHvxh0hi",@FoxNews,Sun Apr 08 19:45:30 +0000 2018,-0.4404,0.0,0.873,0.127
54,"The @USArmy has identified the two pilots killed in an Apache helicopter crash night at Ft. Campbell, Ky, as Chief‚Ä¶ https://t.co/IX3m9sRudo",@FoxNews,Sun Apr 08 19:40:35 +0000 2018,-0.802,0.0,0.725,0.275
55,Sen. Jeff Flake's son seeks new civil trial against Joe Arpaio https://t.co/rqc9nLB9Tm,@FoxNews,Sun Apr 08 19:37:24 +0000 2018,0.0,0.0,1.0,0.0
56,RT @EricShawnTV: I anchor at 4 pm EDT @FoxNews with @ArthelNeville: Amb. Dan GIllerman joins me on how @POTUS @realDonaldTrump should respo‚Ä¶,@FoxNews,Sun Apr 08 19:36:13 +0000 2018,0.0,0.0,1.0,0.0
57,"Jimmy Kimmel defends mean-spirited dig at Melania Trump, apologizes for lewd Hannity joke https://t.co/nDUlZflGz1",@FoxNews,Sun Apr 08 19:35:05 +0000 2018,0.5719,0.281,0.719,0.0
58,"Alleged 'potted-plant serial killer' may be linked to grisly, unsolved 1970s murders https://t.co/PyoBhghZfX",@FoxNews,Sun Apr 08 19:29:53 +0000 2018,-0.8519,0.0,0.57,0.43
59,"Trump Tower fire victim was prominent art dealer, friends with Andy Warhol https://t.co/ENvsX7P2Po",@FoxNews,Sun Apr 08 19:22:18 +0000 2018,0.2263,0.286,0.476,0.238
60,"On @foxandfriends,"" @TheRealJohnHCox, the leading Republican candidate for governor of California, talked about the‚Ä¶ https://t.co/w5RvPGupsg",@FoxNews,Sun Apr 08 19:16:00 +0000 2018,0.0,0.0,1.0,0.0
61,Kudlow tries to calm trade war fears but says Trump 'not bluffing' about China tariffs https://t.co/dUUt2XtL4G,@FoxNews,Sun Apr 08 19:05:38 +0000 2018,-0.4019,0.087,0.684,0.229
62,.@KatrinaPierson Rips @MichelleObama For Comparing President @realDonaldTrump to Bad Parent https://t.co/i5YUgeOqGX,@FoxNews,Sun Apr 08 18:58:29 +0000 2018,-0.5423,0.0,0.741,0.259
63,Victims slowly identified in Canadian hockey team bus crash disaster; death toll rises to 15 https://t.co/XO2PX5Hdt5,@FoxNews,Sun Apr 08 18:52:38 +0000 2018,-0.9186,0.0,0.48,0.52
64,.@AlanDersh: President @realDonaldTrump Won't Repeat Fmr. President @BarackObama's 'Tragic Mistake' With Syria 'Red‚Ä¶ https://t.co/3hF4HUBKMJ,@FoxNews,Sun Apr 08 18:52:00 +0000 2018,-0.6597,0.0,0.69,0.31
65,".@KarlRove on border security: ""There are things along the border that the National Guard can do in a moment like t‚Ä¶ https://t.co/KBWLTbuIiS",@FoxNews,Sun Apr 08 18:51:27 +0000 2018,0.5994,0.205,0.795,0.0
66,"Ala. teen turns down 25-year plea deal, gets sentenced to 65 years instead - and laughs https://t.co/pueYqOQ9tk",@FoxNews,Sun Apr 08 18:46:33 +0000 2018,0.4767,0.175,0.765,0.06
67,"Michael Needham: ""For 20 years liberal elites have promised us that if we just integrate China into the global trad‚Ä¶ https://t.co/uDqskeLdQN",@FoxNews,Sun Apr 08 18:44:54 +0000 2018,0.3612,0.111,0.889,0.0
68,"Facebook must shape up, or it will be 'broken up,' senator warns https://t.co/Q8RozjpiiZ (via @christocarbone)",@FoxNews,Sun Apr 08 18:44:00 +0000 2018,-0.5423,0.0,0.743,0.257
69,"Joe Crowley on 2018 midterms: ""[Voters] have an opportunity here to change course and correction, that's the beauty‚Ä¶ https://t.co/tBkOZzpk7x",@FoxNews,Sun Apr 08 18:40:59 +0000 2018,0.4215,0.135,0.865,0.0
70,"Joe Crowley: ""The notion of the tax cut is going to lead to somehow help the American people along I think is a sca‚Ä¶ https://t.co/iV1n2roaQN",@FoxNews,Sun Apr 08 18:38:09 +0000 2018,0.1531,0.105,0.814,0.081
71,".@GovBrewer: ""It's absolutely unfortunate, not only for California but for our country, that we have people in elec‚Ä¶ https://t.co/va4Sgwq03r",@FoxNews,Sun Apr 08 18:36:00 +0000 2018,-0.2838,0.0,0.893,0.107
72,.@JudgeJeanine: It's Time for Republicans to Start Wielding Power https://t.co/IpEU7L5UtG https://t.co/BDl4Ch10a8,@FoxNews,Sun Apr 08 18:35:50 +0000 2018,0.0,0.0,1.0,0.0
73,.@POTUS and the economy. #FoxNewsSunday https://t.co/iu4Jtpp8X4,@FoxNews,Sun Apr 08 18:35:11 +0000 2018,0.0,0.0,1.0,0.0
74,"RT @EricShawnTV: I anchor @FoxNews with @ArthelNeville at 4 pm EDT: The brazen vote hacking by Moscow. ""It was the Russians, it may not be‚Ä¶",@FoxNews,Sun Apr 08 18:34:10 +0000 2018,0.0,0.0,1.0,0.0
75,".@larry_kudlow on cutting spending: ""I think the Republican Party on the Hill has finally figured out It's really n‚Ä¶ https://t.co/viEFlwOJXk",@FoxNews,Sun Apr 08 18:34:02 +0000 2018,0.296,0.122,0.811,0.068
76,"Berlin half-marathon attack plot foiled, 6 detained, officials say https://t.co/Ta03VbuEyf",@FoxNews,Sun Apr 08 18:31:51 +0000 2018,-0.7003,0.0,0.547,0.453
77,".@larry_kudlow: ""Look, [@POTUS is] great negotiator. He has a whole history of that. But in this process, tariffs h‚Ä¶ https://t.co/og6BFQu8W4",@FoxNews,Sun Apr 08 18:27:35 +0000 2018,0.6249,0.186,0.814,0.0
78,".@larry_kudlow on tariffs: ""China's response was highly unsatisfactory and I think that's unfortunate. We do have c‚Ä¶ https://t.co/SjGUp9gESa",@FoxNews,Sun Apr 08 18:25:03 +0000 2018,-0.4588,0.0,0.842,0.158
79,"On @foxandfriends, @cvpayne praised President @realDonaldTrump's economic policies and their positive results for A‚Ä¶ https://t.co/ngeFIXxfu0",@FoxNews,Sun Apr 08 18:16:21 +0000 2018,0.7783,0.343,0.657,0.0
80,"Car slams into Texas home, triggering gas explosion and injuring 5 people (via @travfed)  https://t.co/AfkA6UoaEP",@FoxNews,Sun Apr 08 18:11:00 +0000 2018,0.0,0.0,1.0,0.0
81,".@JudgeJeanine: ""Who do we blame for the repeated trashing of @FLOTUS? Why is it open season on the First Family? W‚Ä¶ https://t.co/ejSgX4XtmX",@FoxNews,Sun Apr 08 18:05:00 +0000 2018,-0.4137,0.0,0.884,0.116
82,.@AlanDersh: President @realDonaldTrump Won't Repeat Fmr. President @BarackObama's 'Tragic Mistake' With Syria 'Red‚Ä¶ https://t.co/DBmOx7EvPj,@FoxNews,Sun Apr 08 17:58:51 +0000 2018,-0.6597,0.0,0.69,0.31
83,"On ‚ÄúAmerica‚Äôs News HQ,‚Äù former Arizona @GovBrewer slammed California @JerryBrownGov‚Äôs illegal immigration policies‚Ä¶ https://t.co/fD7dapFV6R",@FoxNews,Sun Apr 08 17:51:01 +0000 2018,-0.5574,0.0,0.783,0.217
84,"On @foxandfriends, Harris County Sheriff Mike Jolley - who recently posted a sign outside the sheriff's office that‚Ä¶ https://t.co/Nj36krRPcr",@FoxNews,Sun Apr 08 17:51:01 +0000 2018,0.0,0.0,1.0,0.0
85,".@robertjeffress: ""The reason Evangelicals overwhelmingly support @POTUS is not because he has a perfect past. None‚Ä¶ https://t.co/BIF5gnrDIA",@FoxNews,Sun Apr 08 17:51:00 +0000 2018,0.7096,0.306,0.622,0.072
86,'Disgusted' mom discovers used needles on McDonald's baby changing table https://t.co/b6pJ9t29Ve,@FoxNews,Sun Apr 08 17:43:08 +0000 2018,0.0,0.0,1.0,0.0
87,'Citizens Have a Right to Protect Themselves': GA Sheriff Explains Viral Concealed-Carry Sign‚Ä¶ https://t.co/AInt7rwbx3,@FoxNews,Sun Apr 08 17:31:00 +0000 2018,0.3818,0.178,0.822,0.0
88,"Berlin half-marathon attack plot foiled, 6 detained, officials say https://t.co/7tLI5e7v5u https://t.co/hp1EOvXFJ6",@FoxNews,Sun Apr 08 17:26:37 +0000 2018,-0.7003,0.0,0.58,0.42
89,Elizabeth Hurley slammed for wearing cleavage-baring dress with her 16-year-old son https://t.co/hG2osQzsf5,@FoxNews,Sun Apr 08 17:22:19 +0000 2018,0.0,0.0,1.0,0.0
90,".@TheRealJohnHCox: ""This criminal idea of the sanctuary state movement - the people are upset about this because it‚Ä¶ https://t.co/snCudXuYsI",@FoxNews,Sun Apr 08 17:13:01 +0000 2018,-0.7184,0.0,0.727,0.273
91,"Fire at Trump Tower leaves one man dead, several firefighters injured; @BryanLlenas reports. https://t.co/nNnUbhorwR",@FoxNews,Sun Apr 08 17:05:19 +0000 2018,-0.8555,0.0,0.539,0.461
92,"On @foxandfriends, @JudicialWatch President @TomFitton said that @AGLynch needs to be candid about the infamous tar‚Ä¶ https://t.co/j7ZGExKRTb",@FoxNews,Sun Apr 08 16:55:00 +0000 2018,0.0,0.0,1.0,0.0
93,".@cvpayne: ""This last month we saw the second-lowest unemployment rate for black Americans in history."" https://t.co/pcyPRMezaX",@FoxNews,Sun Apr 08 16:48:29 +0000 2018,-0.4404,0.0,0.838,0.162
94,Pro-gun rights activists rally against new measures on firearm sales in Vermont https://t.co/d90JsaUjGS,@FoxNews,Sun Apr 08 16:42:58 +0000 2018,0.0,0.0,1.0,0.0
95,President @realDonaldTrump slams former Preisdent @BarackObama over not crossing 'red line' in Syria with 'Animal A‚Ä¶ https://t.co/9xcIMbqpLi,@FoxNews,Sun Apr 08 16:34:00 +0000 2018,0.0,0.0,1.0,0.0
96,"Trump Tower fire victim was prominent art dealer, friends with Andy Warhol https://t.co/ENvsX7P2Po",@FoxNews,Sun Apr 08 16:30:45 +0000 2018,0.2263,0.286,0.476,0.238
97,.@RepMcCaul: Russia and Iran Complicit in Syria Chemical Attack https://t.co/qMDZp854AC https://t.co/wSAICfMoSh,@FoxNews,Sun Apr 08 16:15:55 +0000 2018,-0.4767,0.0,0.763,0.237
98,President @realDonaldTrump attacks 'garbage' @washingtonpost; calls Kelly story 'hit job' https://t.co/3E6edclo30,@FoxNews,Sun Apr 08 16:10:56 +0000 2018,-0.4404,0.0,0.775,0.225
99,"TONIGHT on ""Life, Liberty, &amp; Levin,"" @SarahPalinUSA sits down with @marklevinshow to discuss the border. Tune in at‚Ä¶ https://t.co/sc5DQqk7Sv",@FoxNews,Sun Apr 08 16:03:00 +0000 2018,0.5267,0.159,0.841,0.0
100,"On Twitter, @VP Mike Pence backed up President @realDonaldTrump's condemnation of a suspected chemical attack in Sy‚Ä¶ https://t.co/sUYgvqdvxo",@FoxNews,Sun Apr 08 16:02:49 +0000 2018,-0.8271,0.048,0.568,0.384
1,North Korea Said to Offer Direct Assurance It Will Discuss Denuclearization https://t.co/OB39Xfk3wD,@nytimes,Mon Apr 09 01:03:51 +0000 2018,0.34,0.179,0.821,0.0
2,The snow monkeys of Japan like a nice warm bath. Scientists wanted to find out the real reason they sought out the‚Ä¶ https://t.co/Wg61NYzLII,@nytimes,Mon Apr 09 00:57:20 +0000 2018,0.7351,0.275,0.725,0.0
3,A Town That Lives for Hockey Is Devastated by Humboldt Broncos‚Äô Deaths https://t.co/fkUbNvxLpe,@nytimes,Mon Apr 09 00:43:09 +0000 2018,-0.6124,0.0,0.733,0.267
4,"Facebook's advice to Mark Zuckerberg as he prepares to appear before Congress: Be humble, agreeable and as forthrig‚Ä¶ https://t.co/vqSgPJGcqe",@nytimes,Mon Apr 09 00:40:49 +0000 2018,0.4215,0.135,0.865,0.0
5,Paleontologists have discovered dozens of jumbo-size footprints belonging to dinosaurs that lived 170 million years‚Ä¶ https://t.co/AciKlSwvNA,@nytimes,Mon Apr 09 00:22:55 +0000 2018,0.0,0.0,1.0,0.0
6,"Facebook's advice to Mark Zuckerberg as he prepares to appear before Congress: Be humble, agreeable and as forthrig‚Ä¶ https://t.co/dbYIfSGCCM",@nytimes,Mon Apr 09 00:04:17 +0000 2018,0.4215,0.135,0.865,0.0
7,"He killed a Red Cross worker, and the motive is still a mystery: ""I will go to hell for what I did"" https://t.co/6pCS8rSFVJ",@nytimes,Sun Apr 08 23:47:19 +0000 2018,-0.8779,0.0,0.664,0.336
8,A Tough Task for Facebook: European-Type Privacy for All https://t.co/fWLrndUdXa,@nytimes,Sun Apr 08 23:31:12 +0000 2018,-0.128,0.0,0.842,0.158
9,"Profile: Circe, a Vilified Witch From Classical Mythology, Gets Her Own Epic https://t.co/6aZoqsc21e",@nytimes,Sun Apr 08 23:14:04 +0000 2018,-0.3612,0.0,0.815,0.185
10,"Orban Wins Sweeping Majority, and Control of Hungary‚Äôs Constitution https://t.co/c9kT44hYLI",@nytimes,Sun Apr 08 23:02:44 +0000 2018,0.5719,0.291,0.709,0.0
11,Patrick Reed Wins the Masters in a Breakthrough Performance https://t.co/Ftp0PBbgRt,@nytimes,Sun Apr 08 22:59:45 +0000 2018,0.5719,0.316,0.684,0.0
12,"""My parents don‚Äôt want to just throw money around now. I‚Äôm getting a great education at a fraction of the cost."" https://t.co/D0m6zXCvok",@nytimes,Sun Apr 08 22:42:34 +0000 2018,0.6597,0.231,0.769,0.0
13,Com Journal: East Timor Has Some of the World‚Äôs Richest Reefs. Can It Profit Safely? https://t.co/PcTmSWxSWh,@nytimes,Sun Apr 08 22:25:23 +0000 2018,0.8591,0.422,0.578,0.0
14,A dressing (or dip) that‚Äôs easy to love https://t.co/Tgd2Tm6dxc,@nytimes,Sun Apr 08 22:23:21 +0000 2018,0.7964,0.542,0.458,0.0
15,Oh for the Days of the Making-Of Featurette ‚Äî Seriously https://t.co/5arbjPZTdI,@nytimes,Sun Apr 08 22:05:41 +0000 2018,-0.1779,0.0,0.841,0.159
16,Deutsche Bank Replaces C.E.O. Amid Losses and Lack of Direction https://t.co/JlnPWBzntE,@nytimes,Sun Apr 08 21:59:47 +0000 2018,-0.6124,0.0,0.643,0.357
17,"RT @nerdishtendency: You can see the joy in movement in my first story for @nytimes, a look at a party where musicians and dancers get toge‚Ä¶",@nytimes,Sun Apr 08 21:57:02 +0000 2018,0.7579,0.228,0.772,0.0
18,"""President Xi and I will always be friends, no matter what happens with our dispute on trade,‚Äù President Trump twee‚Ä¶ https://t.co/dAvlL6seAK",@nytimes,Sun Apr 08 21:42:00 +0000 2018,-0.1779,0.167,0.637,0.195
19,The Denver Post is in open revolt against its owner https://t.co/Lw62YzaCPk,@nytimes,Sun Apr 08 21:27:06 +0000 2018,0.0,0.0,1.0,0.0
20,"Common Sense: With Tesla in a Danger Zone, Can Model 3 Carry It to Safety? https://t.co/KjYFEtsMgv",@nytimes,Sun Apr 08 21:19:46 +0000 2018,-0.1531,0.154,0.659,0.187
21,"RT @brooksbarnesNYT: ‚ÄòA Quiet Place‚Äô Is a Huge No. 1 at the Box Office, Boosting Paramount ... At $50M twice what was expected and, out of‚Ä¶",@nytimes,Sun Apr 08 21:12:07 +0000 2018,0.3612,0.168,0.753,0.079
22,"Amid Fears of Trade War, Trump Predicts China Will Relent https://t.co/uWmmVeLe4h",@nytimes,Sun Apr 08 21:11:54 +0000 2018,-0.7717,0.0,0.573,0.427
23,Gov. Rick Scott of Florida is expected to announce on Monday that he's running for the U.S. Senate against Bill Nel‚Ä¶ https://t.co/yFympY459r,@nytimes,Sun Apr 08 20:57:02 +0000 2018,0.0,0.0,1.0,0.0
24,"For many women in the 5 boroughs of New York, training is a gateway into the world of competitive fighting https://t.co/6VsTR5Gp1I",@nytimes,Sun Apr 08 20:42:07 +0000 2018,-0.2023,0.08,0.802,0.118
25,"RT @nytimesarts: A trove of paintings, mementoes from the film ""Gladiator,"" prop horses, guitars, diamond rings and costumes went up for au‚Ä¶",@nytimes,Sun Apr 08 20:27:01 +0000 2018,0.34,0.107,0.893,0.0
26,Here's how to start a fitness routine ‚Äì and stick to it https://t.co/d8GMnfw7rF,@nytimes,Sun Apr 08 20:11:02 +0000 2018,0.2732,0.174,0.826,0.0
27,"""Facebook has got to start treating influencers with more respect. These people need to make a living."" https://t.co/PYdR7TbN5U",@nytimes,Sun Apr 08 19:56:07 +0000 2018,0.5256,0.175,0.825,0.0
28,"Charlie Brown, Snoopy and the rest of the Peanuts gang are part of a new public art project in cities around the wo‚Ä¶ https://t.co/WcKvqpJTxt",@nytimes,Sun Apr 08 19:41:05 +0000 2018,0.0,0.0,1.0,0.0
29,"""I will do my best to see to it that I never am this ignorant again,"" said a teenager who was sentenced to read boo‚Ä¶ https://t.co/qFtGzcqw0z",@nytimes,Sun Apr 08 19:26:01 +0000 2018,0.4069,0.146,0.732,0.121
30,RT @cdcaron: It has been nearly five years since the Syrian government agreed to purge its chemical weapons stockpile. But the chemical war‚Ä¶,@nytimes,Sun Apr 08 19:11:32 +0000 2018,-0.2023,0.081,0.808,0.112
31,"As marijuana use has increased, ER doctors say they've been seeing a steady flow of patients with the telltale symp‚Ä¶ https://t.co/SyK0Tm11ph",@nytimes,Sun Apr 08 19:02:05 +0000 2018,0.2732,0.1,0.9,0.0
32,"""I admit that I approached 'Chappaquiddick' with a measure of skepticism and a tremor of dread,"" @aoscott writes https://t.co/zae3KIxOMX",@nytimes,Sun Apr 08 18:47:01 +0000 2018,-0.0516,0.101,0.787,0.112
33,"In Opinion

A former chancellor of the NYC public schools lays out steps that people ""of good conscience might take‚Ä¶ https://t.co/J8cscMPDc4",@nytimes,Sun Apr 08 18:29:07 +0000 2018,0.4404,0.132,0.868,0.0
34,"They may happily coexist in your phone, but Bumble and Tinder, 2 of the world‚Äôs most popular dating apps, are at wa‚Ä¶ https://t.co/dvB2z1dzXz",@nytimes,Sun Apr 08 18:27:01 +0000 2018,0.7535,0.244,0.756,0.0
35,RT @nytimesworld: An Indian film actress who staged a topless protest against sexual harassment in the movie industry has been accused of d‚Ä¶,@nytimes,Sun Apr 08 18:12:02 +0000 2018,-0.7717,0.0,0.712,0.288
36,Bill Cosby's retrial on sexual assault charges starts Monday. Here's how the second trial will be different. https://t.co/V3d7pVWkUt,@nytimes,Sun Apr 08 17:57:07 +0000 2018,-0.7096,0.0,0.731,0.269
37,A top White House official said the Trump administration would not rule out a missile strike to retaliate against t‚Ä¶ https://t.co/jF0IASWwcY,@nytimes,Sun Apr 08 17:42:06 +0000 2018,0.0772,0.089,0.837,0.074
38,The crystals that may have helped Vikings navigate northern seas https://t.co/GFiSkwp4yQ,@nytimes,Sun Apr 08 17:27:04 +0000 2018,0.0,0.0,1.0,0.0
39,"She started a Facebook group 2 years ago for middle-aged women. It has grown to over 7,000 members. What could poss‚Ä¶ https://t.co/emlaZ7vhIB",@nytimes,Sun Apr 08 17:12:08 +0000 2018,0.0,0.0,1.0,0.0
40,"The documents, taken together, show that ISIS, if only for a finite amount of time, realized its dream: to establis‚Ä¶ https://t.co/HjnXK8MhvV",@nytimes,Sun Apr 08 16:57:56 +0000 2018,0.25,0.095,0.905,0.0
41,Thousands of internal ISIS documents unearthed by The Times reveal how ISIS built a state of administrative efficie‚Ä¶ https://t.co/2t1MQJt3Sd,@nytimes,Sun Apr 08 16:51:08 +0000 2018,0.0,0.0,1.0,0.0
42,"The world knows ISIS for its brutality, but the militants did not rule by the sword alone. They wielded power throu‚Ä¶ https://t.co/yKSaowgXkk",@nytimes,Sun Apr 08 16:44:30 +0000 2018,-0.6124,0.0,0.8,0.2
43,"‚ÄúWe had no choice but to go back to work,‚Äù Hamoud said. ‚ÄúWe did the same job as before. Except we were now serving‚Ä¶ https://t.co/8nrYleFdHF",@nytimes,Sun Apr 08 16:37:15 +0000 2018,-0.1531,0.0,0.938,0.062
44,"Weeks after ISIS militants seized Mosul, public servants like Muhammad Nasser Hamoud were ordered to return to thei‚Ä¶ https://t.co/kCuArZmFHD",@nytimes,Sun Apr 08 16:32:33 +0000 2018,0.3612,0.122,0.878,0.0
45,"Michigan will stop providing free bottled water to the city of Flint. City officials criticized the move, noting th‚Ä¶ https://t.co/VTPDECtoV9",@nytimes,Sun Apr 08 16:17:02 +0000 2018,-0.1027,0.132,0.68,0.188
46,"RT @nytpolitics: 6 of Scott Pruitt‚Äôs efforts to delay or roll back Obama-era regulations ‚Äî on issues including pesticides, lead paint and r‚Ä¶",@nytimes,Sun Apr 08 16:02:06 +0000 2018,-0.3182,0.0,0.897,0.103
47,Updated: At least 49 people were killed in a suspected chemical attack in Syria https://t.co/iwWEBDhpwz,@nytimes,Sun Apr 08 15:47:08 +0000 2018,-0.8591,0.0,0.537,0.463
48,"RT @melbournecoal: The Denver Post‚Äôs owner, a hedge fund based in NY, also owns nearly 100 other newspapers across the country. Many, inclu‚Ä¶",@nytimes,Sun Apr 08 15:32:02 +0000 2018,0.0,0.0,1.0,0.0
49,Many people taking antidepressants are saying they cannot quit because of withdrawal symptoms they were never warne‚Ä¶ https://t.co/9ZMCrwTMC4,@nytimes,Sun Apr 08 15:17:04 +0000 2018,0.0258,0.061,0.939,0.0
50,He said he was trying to show that firearms aren't dangerous. Democrats called for an investigation into whether wh‚Ä¶ https://t.co/Gaxl3OJBDk,@nytimes,Sun Apr 08 15:02:08 +0000 2018,0.3724,0.118,0.882,0.0
51,Republican leaders are raising money and energizing conservatives with warnings about Democrats who want to impeach‚Ä¶ https://t.co/FTUUMvrCCy,@nytimes,Sun Apr 08 14:42:07 +0000 2018,0.2732,0.21,0.683,0.107
52,"Facebook's advice to Mark Zuckerberg as he prepares to appear before Congress: Be humble, agreeable and as forthrig‚Ä¶ https://t.co/AyQ6KpU4sO",@nytimes,Sun Apr 08 14:27:03 +0000 2018,0.4215,0.135,0.865,0.0
53,ü§í + ü§ß ? https://t.co/bA3rrgBZWA,@nytimes,Sun Apr 08 14:12:10 +0000 2018,0.0,0.0,1.0,0.0
54,South Carolina Congressman Pulls Out Gun at a Meeting With Voters https://t.co/YMk9GnMAlS,@nytimes,Sun Apr 08 13:55:05 +0000 2018,-0.34,0.0,0.806,0.194
55,"Polls, politics and population shifts that are forcing an overhaul of colleges and universities across the country https://t.co/Qnwz88cIWv",@nytimes,Sun Apr 08 13:47:11 +0000 2018,0.0,0.0,1.0,0.0
56,"Long-term use of the medications is surging in the U.S., according to an analysis by The New York Times. One reason‚Ä¶ https://t.co/dCJNjdl4xg",@nytimes,Sun Apr 08 13:30:06 +0000 2018,0.0,0.0,1.0,0.0
57,A sociologist chronicled the human toll of eviction in Milwaukee in a 2016 book. A new project may reveal just how‚Ä¶ https://t.co/FOoGwqBFJr,@nytimes,Sun Apr 08 13:00:16 +0000 2018,-0.4588,0.0,0.857,0.143
58,"The death of Judge Stephen Reinhardt, combined with other vacancies, means Trump has the chance to push the Ninth C‚Ä¶ https://t.co/OwUe8gGTM3",@nytimes,Sun Apr 08 12:30:04 +0000 2018,-0.4404,0.08,0.763,0.157
59,"Is the doctor in? In this new medical age of urgent care centers and retail clinics, that‚Äôs not a simple question. https://t.co/hEzO4a5XuV",@nytimes,Sun Apr 08 12:00:16 +0000 2018,0.6124,0.208,0.792,0.0
60,As Trump moves to fulfill one of the central promises of his campaign ‚Äî to get tough on China ‚Äî he faces a potentia‚Ä¶ https://t.co/XFbaG5vdSh,@nytimes,Sun Apr 08 11:30:15 +0000 2018,0.6124,0.212,0.731,0.058
61,Dozens Suffocate in Syria as Government Is Accused of Chemical Attack https://t.co/QkSLmxo4XG,@nytimes,Sun Apr 08 11:02:53 +0000 2018,-0.6486,0.0,0.654,0.346
62,"Legal experts and White House officials say that in Scott Pruitt's haste to undo government rules, he has often bee‚Ä¶ https://t.co/5ElAVBW1oq",@nytimes,Sun Apr 08 11:00:08 +0000 2018,0.128,0.07,0.93,0.0
63,Breaking News: A suspected chemical attack killed dozens of people in a rebel stronghold in Syria. Aid groups blame‚Ä¶ https://t.co/rWtqFa83v1,@nytimes,Sun Apr 08 10:52:19 +0000 2018,-0.8625,0.059,0.508,0.434
64,Trump issued a memo directing his administration to move quickly to bring an end to the practice of ‚Äúcatch and rele‚Ä¶ https://t.co/u9tadPzfSe,@nytimes,Sun Apr 08 10:30:07 +0000 2018,0.0,0.0,1.0,0.0
65,First Words: Why Have We Soured on the ‚ÄòDevil‚Äôs Advocate‚Äô? https://t.co/c01gH2sjil,@nytimes,Sun Apr 08 10:15:39 +0000 2018,0.0,0.0,1.0,0.0
66,John Bolton and Mike Pompeo both have ties to individuals and groups promoting a worldview that regards Islam not s‚Ä¶ https://t.co/TqzBN1BHv5,@nytimes,Sun Apr 08 10:00:17 +0000 2018,0.3612,0.116,0.884,0.0
67,üòãhttps://t.co/dhilLWqdGp,@nytimes,Sun Apr 08 09:35:05 +0000 2018,0.0,0.0,1.0,0.0
68,Here's how to start a fitness routine ‚Äì and stick to it https://t.co/kPTQU2IVsc,@nytimes,Sun Apr 08 09:17:06 +0000 2018,0.2732,0.174,0.826,0.0
69,Trilobites: The Crystals That May Have Helped Vikings Navigate Northern Seas https://t.co/GI9dRoaexp,@nytimes,Sun Apr 08 09:00:31 +0000 2018,0.0,0.0,1.0,0.0
70,"Depending on your perspective, Reddit represents either the best of the web, or the worst https://t.co/YbT5ZhtOPP",@nytimes,Sun Apr 08 08:42:26 +0000 2018,0.0258,0.188,0.628,0.184
71,"When are Prince Harry and Meghan Markle getting married? 
What if my invitation was lost in the mail? 
Will there b‚Ä¶ https://t.co/W74Nu4EyZF",@nytimes,Sun Apr 08 08:24:53 +0000 2018,-0.3939,0.0,0.888,0.112
72,"‚ÄúI deal with divorced people. I deal with older singles who are already in their 30s, 40s, 50s and beyond. Sometime‚Ä¶ https://t.co/80XKiNLZBO",@nytimes,Sun Apr 08 08:07:22 +0000 2018,0.0,0.0,1.0,0.0
73,A Cardi B Reveal and an Odd R. Kelly Sketch on ‚ÄòSaturday Night Live‚Äô https://t.co/qowJMa9y7q,@nytimes,Sun Apr 08 07:49:54 +0000 2018,-0.3182,0.0,0.839,0.161
74,What it was like for @jswatz to finally write his will https://t.co/cmSQOEP01R,@nytimes,Sun Apr 08 07:37:48 +0000 2018,0.3612,0.185,0.815,0.0
75,Tech Fix: Unknown Tech Brands Aren‚Äôt Like Groceries. Don‚Äôt Just Grab Them. https://t.co/A9tUnpznzs,@nytimes,Sun Apr 08 07:21:28 +0000 2018,0.3612,0.172,0.828,0.0
76,A new book recounts the long and unfinished battle for immigration reform through the stories of young activists https://t.co/pxjIzUtWkq,@nytimes,Sun Apr 08 07:06:04 +0000 2018,-0.3818,0.0,0.867,0.133
77,"Black students continue to be disciplined at school more often and more harshly than their white peers, the Governm‚Ä¶ https://t.co/7Iivkq84tL",@nytimes,Sun Apr 08 06:47:29 +0000 2018,0.0,0.0,1.0,0.0
78,"""When Sergei V. Skripal got poisoned, this was very serious for them,"" said a resident of a Russian town where loca‚Ä¶ https://t.co/BfuxaAursZ",@nytimes,Sun Apr 08 06:29:24 +0000 2018,-0.5849,0.0,0.79,0.21
79,"Dozens Reported Killed in Suspected Syria Gas Attack, Damascus Denies https://t.co/M1pYjpBAcY",@nytimes,Sun Apr 08 06:11:35 +0000 2018,-0.9062,0.0,0.363,0.637
80,"""Get a will. Really. Dying without one ‚Äî 'intestate' ‚Äî is a drag for everyone."" https://t.co/WJeqIAEGcZ",@nytimes,Sun Apr 08 06:05:39 +0000 2018,-0.2263,0.0,0.853,0.147
81,Astronomers developed algorithms to study distant galaxies and stars. Now they can help save endangered species fro‚Ä¶ https://t.co/5yX62aVAJb,@nytimes,Sun Apr 08 05:47:07 +0000 2018,0.7096,0.269,0.731,0.0
82,The race to automate stores is underway https://t.co/gXjMzSIJzG,@nytimes,Sun Apr 08 05:28:52 +0000 2018,0.0,0.0,1.0,0.0
83,Why does bar soap clog the bathroom drain? https://t.co/JwRqjyI68o,@nytimes,Sun Apr 08 05:10:34 +0000 2018,0.0,0.0,1.0,0.0
84,Rangers Fire Alain Vigneault After Rare Playoff-Less Season https://t.co/3K8ja2BIjk,@nytimes,Sun Apr 08 04:52:12 +0000 2018,-0.34,0.0,0.769,0.231
85,"""I am looking for comfort books, in the way that others turn to comfort food in tough times. Do you have any more i‚Ä¶ https://t.co/0iQk4kNXss",@nytimes,Sun Apr 08 04:50:03 +0000 2018,0.5423,0.175,0.772,0.053
86,"The stars of ""Jersey Shore"" and ""Trading Spaces"" return for reboots wiser, but not warier https://t.co/hxDR7ssQHf",@nytimes,Sun Apr 08 04:33:06 +0000 2018,0.1531,0.096,0.904,0.0
87,"‚ÄúThere‚Äôs so much more to Jay Pharoah. I‚Äôm a pi√±ata, man. You hit me, I bust open with all this talent. You get a Re‚Ä¶ https://t.co/r8bvASZDhS",@nytimes,Sun Apr 08 04:15:23 +0000 2018,0.5023,0.129,0.871,0.0
88,"Her company, 23andMe, does DNA tests that can tell you what countries your ancestors were from or what genetic dise‚Ä¶ https://t.co/NaCr66hTQi",@nytimes,Sun Apr 08 03:56:21 +0000 2018,0.0,0.0,1.0,0.0
89,Meg Wolitzer wanted less to write some sort of State of Feminism novel than to explore ideas that have been marinat‚Ä¶ https://t.co/IRzTFF9W5o,@nytimes,Sun Apr 08 03:39:49 +0000 2018,0.3182,0.099,0.901,0.0
90,Make your own oven-roasted chicken shawarma. No food cart necessary. https://t.co/JGTP43IUwT,@nytimes,Sun Apr 08 03:20:46 +0000 2018,-0.296,0.0,0.82,0.18
91,John Kasich is not *not* running for president https://t.co/Mvv7xojFEz,@nytimes,Sun Apr 08 03:01:34 +0000 2018,0.0,0.0,1.0,0.0
92,The yearbook staff at Marjory Stoneman Douglas High School knew they'd have to memorialize the shooting in their ye‚Ä¶ https://t.co/Xay7Z2dsxr,@nytimes,Sun Apr 08 02:45:24 +0000 2018,0.0,0.0,1.0,0.0
93,Take extra caution with obscure tech brands. Take a pause and do some research. https://t.co/qBLP7J8d2k,@nytimes,Sun Apr 08 02:28:17 +0000 2018,0.0,0.0,1.0,0.0
94,"Neither a traditional tutor nor a straight-up therapist, a ""homework therapist"" is an amalgam of the two https://t.co/abx6za5LLg",@nytimes,Sun Apr 08 02:11:12 +0000 2018,0.0,0.0,1.0,0.0
95,"‚ÄòBig Brother‚Äô in India Requires Fingerprint Scans for Food, Phones and Finances https://t.co/XVdURtZ6hi",@nytimes,Sun Apr 08 01:56:45 +0000 2018,0.0,0.0,1.0,0.0
96,The tiny elevator in a Brooklyn housing project will forever be tainted by the murder of a 6-year-old inside nearly‚Ä¶ https://t.co/L1CyDzBru1,@nytimes,Sun Apr 08 01:49:46 +0000 2018,-0.6908,0.0,0.793,0.207
97,"""My parents don‚Äôt want to just throw money around now. I‚Äôm getting a great education at a fraction of the cost."" https://t.co/s0SkPCiYb3",@nytimes,Sun Apr 08 01:33:12 +0000 2018,0.6597,0.231,0.769,0.0
98,Poison Gas Attack Reported by Syrian Anti-Government Activists https://t.co/OMPF0xpd7x,@nytimes,Sun Apr 08 01:14:22 +0000 2018,-0.765,0.0,0.515,0.485
99,"Evan Rachel Wood has turned her trauma into good. On ""Westworld"" and in life. https://t.co/usjnP8YMav https://t.co/zM1UBvTNf1",@nytimes,Sun Apr 08 01:12:03 +0000 2018,0.0258,0.147,0.711,0.142
100,"Some airlines are embracing the idea of healthier flying, offering calorie-conscious menus and new exercise videos https://t.co/FUWLkhx4TN",@nytimes,Sun Apr 08 00:54:49 +0000 2018,0.0,0.0,1.0,0.0
